customer_id,nps_score,feedback_category
1,3,Pricing
2,7,UI/UX
3,7,Performance
4,10,Content Quality
5,4,Pricing
6,4,Performance
7,4,Performance
8,8,Pricing
9,5,UI/UX
10,4,Pricing
11,8,Content Quality
12,6,Performance
13,5,Content Quality
14,10,App Experience
15,8,App Experience
16,8,UI/UX
17,6,Content Quality
18,8,UI/UX
19,6,App Experience
20,7,Content Quality
21,6,Pricing
22,8,Pricing
23,4,Content Quality
24,8,Content Quality
25,5,Performance
26,7,UI/UX
27,5,Performance
28,8,Content Quality
29,7,App Experience
30,5,Performance
31,7,Performance
32,4,Performance
33,10,Performance
34,7,Performance
35,7,Content Quality
36,9,UI/UX
37,5,Pricing
38,7,UI/UX
39,3,UI/UX
40,5,UI/UX
41,4,Pricing
42,7,Content Quality
43,6,Pricing
44,9,Content Quality
45,4,Pricing
46,7,UI/UX
47,3,Performance
48,7,App Experience
49,3,Performance
50,8,App Experience
51,1,Content Quality
52,2,App Experience
53,8,UI/UX
54,8,UI/UX
55,7,Pricing
56,6,Pricing
57,7,Content Quality
58,6,Pricing
59,9,Performance
60,9,Content Quality
61,8,Performance
62,7,Performance
63,6,Performance
64,5,UI/UX
65,8,Performance
66,8,Content Quality
67,9,UI/UX
68,6,Pricing
69,10,App Experience
70,6,UI/UX
71,6,Performance
72,4,Pricing
73,9,Performance
74,6,App Experience
75,10,App Experience
76,5,Performance
77,9,Content Quality
78,8,Pricing
79,4,Performance
80,10,App Experience
81,5,UI/UX
82,4,Performance
83,3,Performance
84,5,App Experience
85,9,App Experience
86,9,Content Quality
87,7,App Experience
88,6,App Experience
89,6,Pricing
90,10,Performance
91,7,App Experience
92,7,Pricing
93,10,App Experience
94,5,Performance
95,6,App Experience
96,5,App Experience
97,6,UI/UX
98,8,UI/UX
99,8,Pricing
100,8,App Experience
101,4,Pricing
102,2,Performance
103,6,UI/UX
104,7,UI/UX
105,6,Content Quality
106,10,Content Quality
107,7,UI/UX
108,6,App Experience
109,6,Content Quality
110,8,Content Quality
111,4,Content Quality
112,10,App Experience
113,10,Performance
114,2,Performance
115,7,Pricing
116,8,Pricing
117,6,UI/UX
118,5,App Experience
119,9,Content Quality
120,6,App Experience
121,8,Performance
122,5,Performance
123,6,App Experience
124,7,Performance
125,6,Performance
126,7,Content Quality
127,10,App Experience
128,5,Content Quality
129,8,Performance
130,9,UI/UX
131,8,Content Quality
132,7,UI/UX
133,6,UI/UX
134,7,Pricing
135,4,UI/UX
136,8,Pricing
137,3,Content Quality
138,9,UI/UX
139,7,Pricing
140,6,App Experience
141,4,Performance
142,4,App Experience
143,6,Content Quality
144,4,Pricing
145,7,Performance
146,8,App Experience
147,3,UI/UX
148,8,Performance
149,9,Content Quality
150,7,Pricing
151,8,App Experience
152,5,App Experience
153,8,Performance
154,6,Pricing
155,10,Pricing
156,5,Pricing
157,6,UI/UX
158,5,UI/UX
159,7,Pricing
160,6,Pricing
161,8,App Experience
162,6,UI/UX
163,3,App Experience
164,7,Pricing
165,6,App Experience
166,7,App Experience
167,3,Performance
168,5,Content Quality
169,6,App Experience
170,5,Content Quality
171,7,App Experience
172,2,App Experience
173,8,Performance
174,6,UI/UX
175,8,Pricing
176,5,Performance
177,7,Pricing
178,5,UI/UX
179,9,UI/UX
180,6,Content Quality
181,6,Pricing
182,8,Pricing
183,6,App Experience
184,8,Pricing
185,5,Performance
186,8,Content Quality
187,8,Performance
188,6,Content Quality
189,6,UI/UX
190,3,Performance
191,7,Pricing
192,8,UI/UX
193,8,Performance
194,9,UI/UX
195,5,Performance
196,7,App Experience
197,8,Performance
198,4,Performance
199,4,Pricing
200,6,Pricing
201,3,Performance
202,7,Content Quality
203,7,Pricing
204,5,UI/UX
205,6,App Experience
206,7,App Experience
207,7,Performance
208,6,UI/UX
209,8,Performance
210,9,Pricing
211,9,Performance
212,8,UI/UX
213,6,Content Quality
214,6,UI/UX
215,9,Pricing
216,5,Content Quality
217,7,UI/UX
218,5,Pricing
219,5,Pricing
220,10,UI/UX
221,6,App Experience
222,8,Content Quality
223,5,Pricing
224,7,Pricing
225,1,Pricing
226,5,UI/UX
227,5,Content Quality
228,5,Performance
229,6,Pricing
230,4,App Experience
231,4,Pricing
232,7,UI/UX
233,4,App Experience
234,6,Content Quality
235,5,UI/UX
236,8,App Experience
237,5,App Experience
238,6,App Experience
239,7,App Experience
240,6,App Experience
241,7,Content Quality
242,6,UI/UX
243,6,UI/UX
244,9,Pricing
245,5,App Experience
246,9,UI/UX
247,9,UI/UX
248,7,Pricing
249,8,Content Quality
250,10,App Experience
251,7,Content Quality
252,5,Content Quality
253,6,Pricing
254,7,App Experience
255,4,Performance
256,7,Pricing
257,5,Content Quality
258,7,Pricing
259,8,Pricing
260,5,UI/UX
261,10,Pricing
262,4,Performance
263,3,Performance
264,6,Pricing
265,9,App Experience
266,5,App Experience
267,3,UI/UX
268,8,Content Quality
269,4,App Experience
270,4,Performance
271,7,UI/UX
272,6,UI/UX
273,8,Performance
274,5,App Experience
275,8,Performance
276,5,Content Quality
277,5,Performance
278,4,UI/UX
279,9,UI/UX
280,5,Performance
281,9,Pricing
282,9,Content Quality
283,9,Pricing
284,6,Pricing
285,8,App Experience
286,8,Content Quality
287,6,UI/UX
288,8,Performance
289,5,Pricing
290,4,UI/UX
291,7,Performance
292,5,UI/UX
293,8,App Experience
294,2,Performance
295,7,App Experience
296,7,Pricing
297,7,App Experience
298,5,Performance
299,8,Performance
300,9,Content Quality
301,4,UI/UX
302,7,UI/UX
303,6,Pricing
304,4,Pricing
305,7,Content Quality
306,4,UI/UX
307,9,Pricing
308,2,App Experience
309,7,UI/UX
310,7,Performance
311,7,Pricing
312,6,UI/UX
313,10,UI/UX
314,7,App Experience
315,5,Performance
316,8,Performance
317,7,Pricing
318,8,Performance
319,4,Pricing
320,9,Content Quality
321,6,Performance
322,7,Pricing
323,7,Pricing
324,3,Content Quality
325,8,UI/UX
326,8,App Experience
327,4,Performance
328,7,Content Quality
329,7,Content Quality
330,2,Performance
331,6,Pricing
332,6,Performance
333,4,Pricing
334,6,UI/UX
335,4,Content Quality
336,5,Pricing
337,7,Pricing
338,9,Performance
339,6,App Experience
340,7,UI/UX
341,7,Content Quality
342,5,UI/UX
343,7,App Experience
344,7,Performance
345,7,App Experience
346,7,UI/UX
347,5,Content Quality
348,8,Content Quality
349,10,Performance
350,6,Pricing
351,5,App Experience
352,1,Pricing
353,7,Content Quality
354,6,Pricing
355,9,Content Quality
356,8,Content Quality
357,10,Content Quality
358,7,Performance
359,4,Performance
360,6,Pricing
361,4,Performance
362,7,Performance
363,6,Pricing
364,7,Pricing
365,7,UI/UX
366,9,App Experience
367,8,App Experience
368,6,App Experience
369,5,App Experience
370,8,Content Quality
371,3,App Experience
372,6,Content Quality
373,10,UI/UX
374,6,App Experience
375,5,Performance
376,2,UI/UX
377,5,Performance
378,6,Pricing
379,4,Pricing
380,6,UI/UX
381,7,App Experience
382,6,Content Quality
383,6,Content Quality
384,10,Content Quality
385,6,UI/UX
386,6,App Experience
387,8,UI/UX
388,8,Performance
389,6,Content Quality
390,6,Content Quality
391,10,Performance
392,9,Performance
393,5,Content Quality
394,7,Content Quality
395,10,Pricing
396,8,Performance
397,2,Content Quality
398,2,App Experience
399,6,Performance
400,5,UI/UX
401,9,Content Quality
402,5,Content Quality
403,6,Performance
404,3,App Experience
405,9,UI/UX
406,6,App Experience
407,7,Pricing
408,3,UI/UX
409,4,UI/UX
410,6,Content Quality
411,10,Performance
412,5,Pricing
413,6,App Experience
414,9,App Experience
415,7,Content Quality
416,5,Content Quality
417,8,Performance
418,9,Performance
419,2,Performance
420,9,UI/UX
421,9,UI/UX
422,1,App Experience
423,4,App Experience
424,6,Performance
425,10,Pricing
426,9,Pricing
427,5,Content Quality
428,10,Performance
429,7,App Experience
430,6,Content Quality
431,6,Pricing
432,9,App Experience
433,7,Pricing
434,4,Pricing
435,7,UI/UX
436,5,UI/UX
437,8,Pricing
438,8,App Experience
439,9,App Experience
440,6,App Experience
441,5,Content Quality
442,6,Performance
443,10,Content Quality
444,8,Content Quality
445,5,Content Quality
446,6,Performance
447,5,Pricing
448,5,UI/UX
449,5,UI/UX
450,6,App Experience
451,6,Content Quality
452,3,Pricing
453,6,Pricing
454,4,Content Quality
455,5,App Experience
456,9,Content Quality
457,7,Performance
458,8,Performance
459,8,Performance
460,4,Content Quality
461,3,App Experience
462,6,UI/UX
463,7,App Experience
464,7,Pricing
465,3,Pricing
466,6,Pricing
467,5,Content Quality
468,7,Performance
469,6,Content Quality
470,5,App Experience
471,7,Performance
472,8,UI/UX
473,6,App Experience
474,5,App Experience
475,6,App Experience
476,7,Content Quality
477,8,Pricing
478,7,UI/UX
479,4,UI/UX
480,5,Pricing
481,10,App Experience
482,6,UI/UX
483,7,Pricing
484,8,Pricing
485,7,Content Quality
486,6,Pricing
487,6,UI/UX
488,10,UI/UX
489,8,Content Quality
490,7,App Experience
491,4,Pricing
492,2,Content Quality
493,5,UI/UX
494,9,UI/UX
495,6,App Experience
496,5,Pricing
497,10,Content Quality
498,6,Performance
499,9,Performance
500,10,UI/UX
501,7,Content Quality
502,4,Content Quality
503,6,Pricing
504,3,Performance
505,7,UI/UX
506,2,Performance
507,10,Pricing
508,6,App Experience
509,10,Content Quality
510,8,App Experience
511,9,Content Quality
512,7,Performance
513,5,Pricing
514,7,Pricing
515,4,App Experience
516,9,UI/UX
517,7,Content Quality
518,3,Pricing
519,6,UI/UX
520,5,App Experience
521,8,Pricing
522,5,Content Quality
523,5,Pricing
524,5,Pricing
525,3,App Experience
526,5,Content Quality
527,9,Pricing
528,9,Performance
529,6,App Experience
530,9,UI/UX
531,7,Performance
532,5,Pricing
533,9,Pricing
534,10,UI/UX
535,7,Pricing
536,7,UI/UX
537,7,App Experience
538,6,App Experience
539,5,Content Quality
540,9,Pricing
541,6,Performance
542,10,Performance
543,7,App Experience
544,6,App Experience
545,9,Pricing
546,6,UI/UX
547,7,UI/UX
548,6,UI/UX
549,5,App Experience
550,8,Pricing
551,8,UI/UX
552,6,App Experience
553,6,UI/UX
554,5,Content Quality
555,7,Pricing
556,4,Pricing
557,6,Content Quality
558,3,UI/UX
559,6,Performance
560,5,App Experience
561,2,Content Quality
562,4,App Experience
563,7,UI/UX
564,5,Performance
565,6,Pricing
566,7,Pricing
567,2,UI/UX
568,6,Content Quality
569,6,UI/UX
570,3,App Experience
571,9,Content Quality
572,5,App Experience
573,7,Content Quality
574,8,App Experience
575,5,UI/UX
576,9,Performance
577,10,Content Quality
578,9,App Experience
579,6,UI/UX
580,4,Content Quality
581,6,App Experience
582,10,Content Quality
583,5,UI/UX
584,4,Pricing
585,6,Pricing
586,5,Performance
587,6,Performance
588,10,Pricing
589,3,Content Quality
590,5,Content Quality
591,5,UI/UX
592,7,Content Quality
593,7,Performance
594,8,App Experience
595,7,App Experience
596,7,App Experience
597,7,Performance
598,6,UI/UX
599,6,Pricing
600,6,UI/UX
601,7,Content Quality
602,9,Content Quality
603,6,Performance
604,4,Content Quality
605,6,Performance
606,7,App Experience
607,6,Content Quality
608,8,Content Quality
609,6,Pricing
610,8,App Experience
611,8,App Experience
612,9,Performance
613,7,UI/UX
614,7,UI/UX
615,8,App Experience
616,8,UI/UX
617,7,Performance
618,6,App Experience
619,8,Performance
620,6,Pricing
621,6,Performance
622,9,App Experience
623,5,App Experience
624,6,UI/UX
625,7,Performance
626,9,Performance
627,9,Performance
628,2,Content Quality
629,5,Performance
630,6,Pricing
631,8,Pricing
632,10,Performance
633,6,Performance
634,6,Content Quality
635,6,App Experience
636,7,Performance
637,5,App Experience
638,7,Content Quality
639,7,Pricing
640,9,Content Quality
641,9,UI/UX
642,6,Content Quality
643,2,UI/UX
644,3,Content Quality
645,7,Pricing
646,7,Performance
647,9,UI/UX
648,2,UI/UX
649,4,Pricing
650,7,UI/UX
651,8,Pricing
652,8,App Experience
653,8,Pricing
654,5,UI/UX
655,4,UI/UX
656,6,App Experience
657,7,Content Quality
658,5,App Experience
659,6,Pricing
660,7,UI/UX
661,6,Pricing
662,5,App Experience
663,7,Content Quality
664,7,Performance
665,10,Content Quality
666,6,Pricing
667,5,Performance
668,5,UI/UX
669,7,App Experience
670,9,Performance
671,5,Performance
672,6,App Experience
673,4,Pricing
674,5,Performance
675,5,Performance
676,5,UI/UX
677,9,App Experience
678,3,UI/UX
679,5,Content Quality
680,8,Pricing
681,3,Content Quality
682,9,Performance
683,7,Pricing
684,6,Performance
685,4,Performance
686,4,UI/UX
687,8,Content Quality
688,5,Performance
689,6,App Experience
690,6,Pricing
691,8,App Experience
692,10,UI/UX
693,9,Content Quality
694,8,Pricing
695,4,App Experience
696,5,Pricing
697,5,Performance
698,5,Performance
699,8,App Experience
700,9,Pricing
701,9,UI/UX
702,8,UI/UX
703,5,Pricing
704,6,UI/UX
705,8,Pricing
706,6,Content Quality
707,7,Pricing
708,9,UI/UX
709,10,App Experience
710,7,Pricing
711,4,UI/UX
712,8,App Experience
713,7,Pricing
714,7,Performance
715,5,Content Quality
716,7,UI/UX
717,5,UI/UX
718,5,App Experience
719,8,Pricing
720,0,Pricing
721,8,UI/UX
722,4,UI/UX
723,6,Performance
724,5,Pricing
725,7,App Experience
726,6,Content Quality
727,5,Content Quality
728,8,Content Quality
729,7,App Experience
730,5,UI/UX
731,6,UI/UX
732,9,Performance
733,9,App Experience
734,8,Performance
735,9,App Experience
736,8,App Experience
737,8,Performance
738,6,Pricing
739,9,Performance
740,5,Performance
741,9,Content Quality
742,8,App Experience
743,9,UI/UX
744,7,UI/UX
745,5,Content Quality
746,8,UI/UX
747,6,Performance
748,8,Performance
749,7,UI/UX
750,5,Content Quality
751,10,UI/UX
752,7,App Experience
753,7,App Experience
754,5,Performance
755,10,App Experience
756,3,UI/UX
757,7,Performance
758,10,Performance
759,7,Pricing
760,6,UI/UX
761,7,Performance
762,8,Content Quality
763,6,Content Quality
764,7,Pricing
765,4,App Experience
766,7,Content Quality
767,6,App Experience
768,8,Performance
769,3,Pricing
770,5,Performance
771,7,UI/UX
772,9,UI/UX
773,4,Content Quality
774,8,Content Quality
775,7,UI/UX
776,8,Content Quality
777,5,App Experience
778,8,Content Quality
779,5,Performance
780,7,App Experience
781,6,Performance
782,8,UI/UX
783,9,App Experience
784,3,Pricing
785,7,Content Quality
786,8,Performance
787,6,Pricing
788,6,Content Quality
789,7,UI/UX
790,8,UI/UX
791,3,Performance
792,8,Performance
793,8,Content Quality
794,6,Performance
795,7,UI/UX
796,5,UI/UX
797,6,Content Quality
798,8,Performance
799,4,App Experience
800,8,UI/UX
801,5,Performance
802,3,Pricing
803,10,Pricing
804,8,Performance
805,6,Pricing
806,10,App Experience
807,9,Content Quality
808,5,Content Quality
809,9,Content Quality
810,5,App Experience
811,7,UI/UX
812,6,App Experience
813,7,Performance
814,10,UI/UX
815,6,Performance
816,8,Performance
817,4,Content Quality
818,5,Pricing
819,3,Performance
820,8,App Experience
821,4,Performance
822,8,Pricing
823,6,UI/UX
824,7,Content Quality
825,3,UI/UX
826,5,Pricing
827,6,UI/UX
828,8,Content Quality
829,7,Pricing
830,7,Performance
831,6,UI/UX
832,6,UI/UX
833,9,UI/UX
834,4,UI/UX
835,8,App Experience
836,7,Pricing
837,7,App Experience
838,5,UI/UX
839,8,UI/UX
840,6,Content Quality
841,10,UI/UX
842,9,Performance
843,4,Content Quality
844,9,UI/UX
845,6,App Experience
846,6,Content Quality
847,5,App Experience
848,10,UI/UX
849,5,App Experience
850,7,App Experience
851,4,Pricing
852,7,Performance
853,8,Pricing
854,5,Content Quality
855,8,App Experience
856,7,Pricing
857,9,Performance
858,8,Performance
859,7,Pricing
860,9,Content Quality
861,3,UI/UX
862,6,App Experience
863,7,App Experience
864,9,UI/UX
865,10,Performance
866,7,Performance
867,8,Content Quality
868,8,Performance
869,4,Content Quality
870,4,Performance
871,3,UI/UX
872,8,App Experience
873,5,App Experience
874,5,UI/UX
875,7,Content Quality
876,10,App Experience
877,8,App Experience
878,7,Content Quality
879,7,Content Quality
880,7,Content Quality
881,6,App Experience
882,2,Content Quality
883,6,Performance
884,5,App Experience
885,7,Performance
886,2,Content Quality
887,8,Pricing
888,7,Pricing
889,6,Content Quality
890,5,Content Quality
891,5,Performance
892,9,App Experience
893,5,Content Quality
894,9,Performance
895,6,UI/UX
896,9,Performance
897,4,Pricing
898,7,UI/UX
899,9,Performance
900,9,UI/UX
901,6,Pricing
902,6,Pricing
903,5,UI/UX
904,5,UI/UX
905,7,App Experience
906,4,App Experience
907,7,Pricing
908,9,Performance
909,1,Pricing
910,6,App Experience
911,3,App Experience
912,10,UI/UX
913,8,Performance
914,8,UI/UX
915,4,UI/UX
916,5,Pricing
917,8,App Experience
918,9,Content Quality
919,6,UI/UX
920,6,Performance
921,3,Pricing
922,5,Performance
923,10,Performance
924,10,App Experience
925,5,App Experience
926,4,Performance
927,3,App Experience
928,5,UI/UX
929,7,Performance
930,4,UI/UX
931,6,Pricing
932,4,Performance
933,8,Content Quality
934,9,Content Quality
935,7,App Experience
936,8,Pricing
937,9,UI/UX
938,6,Pricing
939,9,App Experience
940,1,UI/UX
941,7,Content Quality
942,7,Performance
943,9,Performance
944,4,Performance
945,10,Content Quality
946,5,UI/UX
947,7,App Experience
948,4,Pricing
949,5,Performance
950,4,Content Quality
951,8,Content Quality
952,2,Performance
953,5,App Experience
954,6,Pricing
955,8,Content Quality
956,8,App Experience
957,6,Content Quality
958,5,Pricing
959,7,App Experience
960,3,Performance
961,7,Content Quality
962,8,Content Quality
963,4,App Experience
964,2,Content Quality
965,8,Pricing
966,7,Content Quality
967,10,Performance
968,4,Performance
969,6,Performance
970,4,Performance
971,9,App Experience
972,7,Pricing
973,1,Performance
974,9,Content Quality
975,7,Performance
976,8,Content Quality
977,8,Pricing
978,6,Performance
979,6,UI/UX
980,7,Performance
981,6,Content Quality
982,6,Performance
983,2,Performance
984,7,Pricing
985,5,App Experience
986,5,Content Quality
987,6,Performance
988,9,App Experience
989,6,Pricing
990,7,Performance
991,1,Pricing
992,10,UI/UX
993,3,UI/UX
994,6,Content Quality
995,6,App Experience
996,4,Pricing
997,6,UI/UX
998,5,UI/UX
999,4,Content Quality
1000,6,Performance
1001,10,Performance
1002,6,Performance
1003,9,Performance
1004,5,Pricing
1005,6,Pricing
1006,5,Performance
1007,9,Content Quality
1008,3,Pricing
1009,8,App Experience
1010,8,App Experience
1011,8,Pricing
1012,8,Content Quality
1013,2,Performance
1014,1,Pricing
1015,3,UI/UX
1016,7,Content Quality
1017,7,App Experience
1018,5,UI/UX
1019,8,App Experience
1020,7,Performance
1021,5,App Experience
1022,9,Performance
1023,5,Pricing
1024,10,App Experience
1025,5,Performance
1026,10,Content Quality
1027,5,App Experience
1028,4,Performance
1029,8,Performance
1030,7,UI/UX
1031,6,Pricing
1032,6,Content Quality
1033,6,Pricing
1034,7,Performance
1035,7,UI/UX
1036,7,Content Quality
1037,8,Performance
1038,5,Content Quality
1039,6,App Experience
1040,5,App Experience
1041,10,Content Quality
1042,9,Pricing
1043,6,Performance
1044,5,Content Quality
1045,3,Pricing
1046,5,App Experience
1047,9,Content Quality
1048,4,UI/UX
1049,3,Performance
1050,6,Pricing
1051,7,Content Quality
1052,8,Pricing
1053,3,Pricing
1054,7,Content Quality
1055,10,Performance
1056,7,Performance
1057,8,Performance
1058,2,Performance
1059,6,Performance
1060,5,App Experience
1061,10,App Experience
1062,6,Content Quality
1063,4,App Experience
1064,10,Pricing
1065,6,Pricing
1066,5,App Experience
1067,6,Pricing
1068,8,Content Quality
1069,9,Performance
1070,4,UI/UX
1071,6,App Experience
1072,10,Pricing
1073,10,App Experience
1074,4,Pricing
1075,6,Pricing
1076,7,UI/UX
1077,3,Performance
1078,9,Content Quality
1079,7,Performance
1080,7,UI/UX
1081,4,Content Quality
1082,5,App Experience
1083,6,UI/UX
1084,8,Content Quality
1085,6,Pricing
1086,4,UI/UX
1087,6,Content Quality
1088,8,App Experience
1089,7,Performance
1090,7,Pricing
1091,5,Pricing
1092,5,Content Quality
1093,9,Pricing
1094,3,Performance
1095,9,Performance
1096,7,UI/UX
1097,7,UI/UX
1098,10,Performance
1099,4,App Experience
1100,8,App Experience
1101,6,App Experience
1102,9,App Experience
1103,8,Pricing
1104,9,Performance
1105,6,Content Quality
1106,10,App Experience
1107,4,Content Quality
1108,9,Content Quality
1109,3,Performance
1110,5,Content Quality
1111,7,App Experience
1112,7,App Experience
1113,10,Performance
1114,7,Content Quality
1115,9,App Experience
1116,8,Pricing
1117,8,UI/UX
1118,7,App Experience
1119,7,Content Quality
1120,3,UI/UX
1121,4,Performance
1122,10,UI/UX
1123,9,Performance
1124,7,App Experience
1125,10,App Experience
1126,5,Content Quality
1127,6,Pricing
1128,8,Pricing
1129,6,App Experience
1130,7,UI/UX
1131,6,UI/UX
1132,7,UI/UX
1133,7,UI/UX
1134,5,Performance
1135,6,Pricing
1136,5,App Experience
1137,8,UI/UX
1138,7,Performance
1139,7,UI/UX
1140,8,Pricing
1141,10,Performance
1142,10,Pricing
1143,9,App Experience
1144,8,Performance
1145,6,Content Quality
1146,4,Content Quality
1147,7,Performance
1148,5,Pricing
1149,8,App Experience
1150,3,App Experience
1151,6,Content Quality
1152,4,App Experience
1153,6,Content Quality
1154,5,Performance
1155,7,UI/UX
1156,6,Performance
1157,6,App Experience
1158,3,Content Quality
1159,8,UI/UX
1160,9,Pricing
1161,7,Performance
1162,9,UI/UX
1163,8,App Experience
1164,6,UI/UX
1165,5,App Experience
1166,10,Pricing
1167,4,Content Quality
1168,5,Pricing
1169,6,Performance
1170,5,Pricing
1171,5,App Experience
1172,6,App Experience
1173,3,App Experience
1174,7,UI/UX
1175,7,Content Quality
1176,3,Content Quality
1177,6,UI/UX
1178,5,Performance
1179,10,Performance
1180,5,Pricing
1181,7,Content Quality
1182,5,Pricing
1183,9,App Experience
1184,7,Performance
1185,5,Content Quality
1186,8,Performance
1187,8,App Experience
1188,4,Performance
1189,6,Content Quality
1190,3,App Experience
1191,8,Pricing
1192,6,Performance
1193,5,App Experience
1194,6,Pricing
1195,4,Pricing
1196,7,Pricing
1197,7,Pricing
1198,1,App Experience
1199,6,Performance
1200,9,Content Quality
1201,5,UI/UX
1202,8,Content Quality
1203,5,Content Quality
1204,8,Content Quality
1205,6,App Experience
1206,7,UI/UX
1207,6,Content Quality
1208,6,Pricing
1209,9,UI/UX
1210,5,Performance
1211,6,Content Quality
1212,7,UI/UX
1213,7,UI/UX
1214,7,UI/UX
1215,5,App Experience
1216,3,Content Quality
1217,5,UI/UX
1218,8,UI/UX
1219,5,App Experience
1220,9,Pricing
1221,5,Performance
1222,3,App Experience
1223,8,UI/UX
1224,8,Content Quality
1225,10,Pricing
1226,5,Performance
1227,6,UI/UX
1228,7,Content Quality
1229,5,Performance
1230,7,UI/UX
1231,8,Pricing
1232,8,Content Quality
1233,3,Content Quality
1234,7,UI/UX
1235,6,Content Quality
1236,6,App Experience
1237,9,UI/UX
1238,9,UI/UX
1239,7,UI/UX
1240,7,UI/UX
1241,7,Content Quality
1242,5,App Experience
1243,6,UI/UX
1244,7,Content Quality
1245,1,UI/UX
1246,5,Content Quality
1247,8,App Experience
1248,9,Content Quality
1249,4,Pricing
1250,8,Pricing
1251,3,App Experience
1252,6,Content Quality
1253,5,App Experience
1254,5,Content Quality
1255,9,UI/UX
1256,6,Content Quality
1257,4,Content Quality
1258,8,App Experience
1259,5,Performance
1260,8,Pricing
1261,6,App Experience
1262,4,UI/UX
1263,7,Performance
1264,3,UI/UX
1265,5,UI/UX
1266,7,Content Quality
1267,6,Pricing
1268,5,Content Quality
1269,10,Pricing
1270,4,Content Quality
1271,3,Content Quality
1272,4,Performance
1273,7,Performance
1274,7,UI/UX
1275,4,App Experience
1276,8,Performance
1277,6,Content Quality
1278,2,Pricing
1279,4,Content Quality
1280,4,Pricing
1281,10,App Experience
1282,9,Performance
1283,4,Performance
1284,5,Performance
1285,1,App Experience
1286,10,Pricing
1287,8,UI/UX
1288,6,Content Quality
1289,5,Pricing
1290,5,App Experience
1291,7,UI/UX
1292,6,UI/UX
1293,9,Pricing
1294,2,Performance
1295,8,Pricing
1296,4,Content Quality
1297,7,Performance
1298,5,App Experience
1299,7,UI/UX
1300,5,UI/UX
1301,5,UI/UX
1302,9,App Experience
1303,10,UI/UX
1304,1,App Experience
1305,5,UI/UX
1306,9,Content Quality
1307,9,Pricing
1308,5,Performance
1309,2,Content Quality
1310,7,UI/UX
1311,6,Pricing
1312,6,Content Quality
1313,4,Pricing
1314,9,Pricing
1315,8,Content Quality
1316,8,App Experience
1317,8,Performance
1318,7,App Experience
1319,8,Performance
1320,8,App Experience
1321,6,Performance
1322,9,Content Quality
1323,7,Performance
1324,5,Performance
1325,8,App Experience
1326,7,Performance
1327,5,UI/UX
1328,4,Content Quality
1329,3,Pricing
1330,5,Content Quality
1331,3,App Experience
1332,7,UI/UX
1333,3,UI/UX
1334,6,App Experience
1335,8,Content Quality
1336,5,App Experience
1337,8,Pricing
1338,7,UI/UX
1339,5,UI/UX
1340,10,Performance
1341,5,App Experience
1342,7,Content Quality
1343,5,Performance
1344,5,App Experience
1345,8,App Experience
1346,5,Content Quality
1347,8,UI/UX
1348,5,Performance
1349,9,Pricing
1350,7,UI/UX
1351,7,App Experience
1352,4,Pricing
1353,3,Pricing
1354,5,Pricing
1355,7,Pricing
1356,10,Content Quality
1357,6,Performance
1358,3,Pricing
1359,5,App Experience
1360,7,UI/UX
1361,5,Performance
1362,7,Performance
1363,8,App Experience
1364,8,Content Quality
1365,4,Pricing
1366,8,Performance
1367,9,Content Quality
1368,6,Pricing
1369,7,UI/UX
1370,8,App Experience
1371,4,App Experience
1372,8,Performance
1373,7,App Experience
1374,8,App Experience
1375,5,UI/UX
1376,10,Performance
1377,6,Content Quality
1378,6,UI/UX
1379,8,Content Quality
1380,4,App Experience
1381,10,UI/UX
1382,8,Pricing
1383,5,UI/UX
1384,4,Pricing
1385,6,App Experience
1386,10,Content Quality
1387,3,UI/UX
1388,7,Pricing
1389,6,App Experience
1390,10,App Experience
1391,8,App Experience
1392,9,Pricing
1393,7,Performance
1394,7,UI/UX
1395,4,UI/UX
1396,8,App Experience
1397,8,UI/UX
1398,5,UI/UX
1399,4,UI/UX
1400,10,Content Quality
1401,4,UI/UX
1402,5,Pricing
1403,3,Content Quality
1404,4,Performance
1405,7,UI/UX
1406,7,Performance
1407,8,App Experience
1408,5,Performance
1409,7,UI/UX
1410,8,Pricing
1411,7,Pricing
1412,8,App Experience
1413,6,UI/UX
1414,4,Performance
1415,7,Pricing
1416,5,Performance
1417,5,Performance
1418,10,Pricing
1419,5,Pricing
1420,5,Pricing
1421,3,Performance
1422,5,UI/UX
1423,6,Pricing
1424,8,Content Quality
1425,9,Pricing
1426,7,Performance
1427,6,App Experience
1428,10,Pricing
1429,5,App Experience
1430,6,Content Quality
1431,9,UI/UX
1432,8,Pricing
1433,3,UI/UX
1434,6,UI/UX
1435,6,App Experience
1436,4,App Experience
1437,7,Performance
1438,8,UI/UX
1439,5,Content Quality
1440,4,Pricing
1441,5,Pricing
1442,5,UI/UX
1443,7,Content Quality
1444,5,Content Quality
1445,1,Performance
1446,8,Performance
1447,5,Content Quality
1448,2,Content Quality
1449,4,Performance
1450,5,Pricing
1451,5,UI/UX
1452,6,App Experience
1453,10,App Experience
1454,6,Content Quality
1455,5,Pricing
1456,2,Performance
1457,8,UI/UX
1458,4,App Experience
1459,7,App Experience
1460,5,Performance
1461,4,Pricing
1462,6,App Experience
1463,7,Pricing
1464,5,App Experience
1465,7,Content Quality
1466,7,App Experience
1467,8,Pricing
1468,7,UI/UX
1469,6,Content Quality
1470,7,Content Quality
1471,5,Pricing
1472,6,Pricing
1473,3,Pricing
1474,10,Content Quality
1475,8,UI/UX
1476,4,Performance
1477,8,Performance
1478,7,Performance
1479,5,UI/UX
1480,7,Content Quality
1481,5,Performance
1482,5,Performance
1483,9,Performance
1484,8,App Experience
1485,5,Performance
1486,6,Performance
1487,6,Pricing
1488,8,Content Quality
1489,4,Content Quality
1490,10,Content Quality
1491,8,Content Quality
1492,3,App Experience
1493,9,Content Quality
1494,9,UI/UX
1495,5,Pricing
1496,8,UI/UX
1497,5,App Experience
1498,9,Pricing
1499,5,Performance
1500,4,UI/UX
1501,6,Pricing
1502,6,Performance
1503,8,Content Quality
1504,8,Content Quality
1505,6,UI/UX
1506,5,Performance
1507,6,Performance
1508,6,Performance
1509,10,UI/UX
1510,6,App Experience
1511,7,Pricing
1512,5,Pricing
1513,7,App Experience
1514,5,Pricing
1515,5,Pricing
1516,8,App Experience
1517,6,Pricing
1518,5,UI/UX
1519,5,Pricing
1520,3,UI/UX
1521,6,Pricing
1522,6,Pricing
1523,5,App Experience
1524,6,Pricing
1525,5,App Experience
1526,9,Performance
1527,6,Performance
1528,3,Performance
1529,5,Pricing
1530,5,Performance
1531,7,Performance
1532,10,App Experience
1533,5,App Experience
1534,8,Performance
1535,7,App Experience
1536,2,Content Quality
1537,3,Pricing
1538,5,Content Quality
1539,10,UI/UX
1540,5,UI/UX
1541,8,App Experience
1542,6,Pricing
1543,5,Content Quality
1544,6,Content Quality
1545,6,App Experience
1546,6,UI/UX
1547,6,App Experience
1548,7,Performance
1549,7,Content Quality
1550,8,Pricing
1551,6,Performance
1552,6,Pricing
1553,5,UI/UX
1554,7,Pricing
1555,3,UI/UX
1556,8,Performance
1557,6,UI/UX
1558,7,Performance
1559,5,UI/UX
1560,3,UI/UX
1561,7,App Experience
1562,7,Pricing
1563,6,Content Quality
1564,6,App Experience
1565,5,Performance
1566,9,App Experience
1567,5,UI/UX
1568,8,UI/UX
1569,5,Pricing
1570,7,App Experience
1571,6,UI/UX
1572,7,UI/UX
1573,7,App Experience
1574,8,Performance
1575,9,Performance
1576,9,Content Quality
1577,9,Performance
1578,8,UI/UX
1579,9,Pricing
1580,7,UI/UX
1581,7,Pricing
1582,6,UI/UX
1583,5,App Experience
1584,8,Pricing
1585,8,Pricing
1586,6,Content Quality
1587,7,Pricing
1588,7,App Experience
1589,5,App Experience
1590,8,Performance
1591,5,Content Quality
1592,6,Performance
1593,8,Performance
1594,5,UI/UX
1595,8,App Experience
1596,6,Performance
1597,7,Performance
1598,6,Performance
1599,6,UI/UX
1600,5,Content Quality
1601,4,UI/UX
1602,8,UI/UX
1603,8,UI/UX
1604,7,Performance
1605,9,Pricing
1606,6,Performance
1607,3,Content Quality
1608,0,Pricing
1609,8,UI/UX
1610,4,App Experience
1611,8,UI/UX
1612,6,App Experience
1613,5,App Experience
1614,8,UI/UX
1615,5,Pricing
1616,9,Content Quality
1617,7,Content Quality
1618,6,UI/UX
1619,5,App Experience
1620,10,Performance
1621,4,Pricing
1622,5,Pricing
1623,5,App Experience
1624,8,Content Quality
1625,3,Content Quality
1626,6,UI/UX
1627,4,App Experience
1628,6,Performance
1629,8,Pricing
1630,7,Performance
1631,5,Performance
1632,7,UI/UX
1633,8,Performance
1634,10,Pricing
1635,4,Performance
1636,6,Pricing
1637,9,UI/UX
1638,4,UI/UX
1639,6,Performance
1640,7,App Experience
1641,10,App Experience
1642,7,UI/UX
1643,9,UI/UX
1644,6,Performance
1645,7,Performance
1646,10,UI/UX
1647,5,Content Quality
1648,6,Performance
1649,4,UI/UX
1650,2,Pricing
1651,6,Pricing
1652,8,Content Quality
1653,6,Content Quality
1654,5,UI/UX
1655,7,Content Quality
1656,10,Content Quality
1657,6,Content Quality
1658,4,Content Quality
1659,6,App Experience
1660,5,Pricing
1661,7,UI/UX
1662,5,Performance
1663,9,Performance
1664,6,UI/UX
1665,10,Content Quality
1666,8,Performance
1667,7,Pricing
1668,8,App Experience
1669,8,Content Quality
1670,3,App Experience
1671,4,Performance
1672,5,App Experience
1673,5,UI/UX
1674,6,App Experience
1675,8,Content Quality
1676,4,App Experience
1677,6,UI/UX
1678,8,Content Quality
1679,3,UI/UX
1680,7,Performance
1681,3,Performance
1682,7,Content Quality
1683,6,Content Quality
1684,7,UI/UX
1685,7,Content Quality
1686,7,Content Quality
1687,4,App Experience
1688,7,App Experience
1689,10,UI/UX
1690,10,Performance
1691,6,Pricing
1692,7,App Experience
1693,8,Pricing
1694,9,Pricing
1695,9,Performance
1696,7,App Experience
1697,10,UI/UX
1698,8,Performance
1699,4,Performance
1700,8,App Experience
1701,6,Pricing
1702,8,UI/UX
1703,5,App Experience
1704,8,UI/UX
1705,7,Pricing
1706,5,Content Quality
1707,5,App Experience
1708,6,Content Quality
1709,3,Performance
1710,6,Content Quality
1711,9,UI/UX
1712,9,Performance
1713,6,Pricing
1714,8,App Experience
1715,8,Content Quality
1716,4,Pricing
1717,8,Pricing
1718,8,App Experience
1719,7,Pricing
1720,9,Pricing
1721,4,App Experience
1722,5,Pricing
1723,4,Performance
1724,8,Performance
1725,8,App Experience
1726,6,Performance
1727,7,Performance
1728,7,Performance
1729,8,Performance
1730,9,Pricing
1731,7,App Experience
1732,9,Pricing
1733,6,Performance
1734,10,App Experience
1735,5,UI/UX
1736,6,Performance
1737,8,App Experience
1738,8,Content Quality
1739,5,Pricing
1740,10,Content Quality
1741,5,Content Quality
1742,4,App Experience
1743,8,UI/UX
1744,6,Performance
1745,8,UI/UX
1746,10,Content Quality
1747,8,App Experience
1748,7,Content Quality
1749,5,Performance
1750,5,Performance
1751,8,Content Quality
1752,7,Pricing
1753,8,UI/UX
1754,5,Content Quality
1755,5,Performance
1756,8,Content Quality
1757,7,UI/UX
1758,8,UI/UX
1759,7,Content Quality
1760,5,Performance
1761,6,App Experience
1762,6,Performance
1763,5,Performance
1764,8,Performance
1765,8,UI/UX
1766,6,Performance
1767,7,App Experience
1768,8,Performance
1769,7,Pricing
1770,5,Content Quality
1771,7,Performance
1772,10,Content Quality
1773,6,Pricing
1774,10,App Experience
1775,7,Pricing
1776,6,App Experience
1777,8,Performance
1778,5,Performance
1779,4,UI/UX
1780,8,Pricing
1781,3,Content Quality
1782,7,Pricing
1783,6,Pricing
1784,10,App Experience
1785,6,Pricing
1786,7,Performance
1787,6,UI/UX
1788,7,App Experience
1789,8,Pricing
1790,8,App Experience
1791,6,App Experience
1792,7,UI/UX
1793,5,Performance
1794,5,Performance
1795,6,Performance
1796,5,Pricing
1797,6,App Experience
1798,4,Content Quality
1799,6,Performance
1800,5,UI/UX
1801,5,Content Quality
1802,7,Content Quality
1803,7,Performance
1804,5,Pricing
1805,9,UI/UX
1806,8,Pricing
1807,9,UI/UX
1808,9,App Experience
1809,4,Performance
1810,2,Performance
1811,3,App Experience
1812,6,Performance
1813,4,Content Quality
1814,6,Pricing
1815,5,Performance
1816,6,Content Quality
1817,10,App Experience
1818,8,UI/UX
1819,5,UI/UX
1820,8,Pricing
1821,10,Performance
1822,9,Pricing
1823,4,Content Quality
1824,7,UI/UX
1825,5,Performance
1826,4,Pricing
1827,9,Performance
1828,7,App Experience
1829,4,Performance
1830,7,App Experience
1831,3,App Experience
1832,4,Pricing
1833,8,UI/UX
1834,7,Content Quality
1835,10,UI/UX
1836,4,App Experience
1837,5,Content Quality
1838,6,UI/UX
1839,8,App Experience
1840,9,Performance
1841,8,Performance
1842,7,Pricing
1843,7,Content Quality
1844,9,Content Quality
1845,8,Performance
1846,9,Pricing
1847,4,Performance
1848,6,Pricing
1849,8,Content Quality
1850,6,Content Quality
1851,7,App Experience
1852,4,Content Quality
1853,9,Performance
1854,6,App Experience
1855,5,Content Quality
1856,8,Performance
1857,6,UI/UX
1858,8,Performance
1859,5,Content Quality
1860,7,App Experience
1861,7,UI/UX
1862,6,Content Quality
1863,8,Content Quality
1864,8,Pricing
1865,8,App Experience
1866,6,Pricing
1867,7,Performance
1868,5,Pricing
1869,7,UI/UX
1870,8,Performance
1871,9,App Experience
1872,9,Pricing
1873,6,Performance
1874,3,Pricing
1875,9,UI/UX
1876,7,App Experience
1877,4,UI/UX
1878,9,UI/UX
1879,9,Performance
1880,9,Performance
1881,7,Performance
1882,7,Performance
1883,8,Content Quality
1884,6,App Experience
1885,8,App Experience
1886,6,App Experience
1887,5,UI/UX
1888,3,UI/UX
1889,9,UI/UX
1890,8,Content Quality
1891,8,Performance
1892,6,Content Quality
1893,7,Pricing
1894,7,UI/UX
1895,6,UI/UX
1896,10,Performance
1897,4,UI/UX
1898,9,UI/UX
1899,5,Content Quality
1900,5,App Experience
1901,7,App Experience
1902,6,UI/UX
1903,7,Pricing
1904,7,Performance
1905,4,Content Quality
1906,8,Content Quality
1907,5,Pricing
1908,7,UI/UX
1909,4,Pricing
1910,1,Pricing
1911,6,Content Quality
1912,5,Pricing
1913,3,Pricing
1914,8,Performance
1915,6,UI/UX
1916,7,UI/UX
1917,6,Pricing
1918,10,Performance
1919,4,App Experience
1920,5,Performance
1921,10,Content Quality
1922,3,Pricing
1923,3,Content Quality
1924,7,Pricing
1925,6,Performance
1926,10,UI/UX
1927,3,UI/UX
1928,5,App Experience
1929,6,Content Quality
1930,5,App Experience
1931,10,Performance
1932,3,Performance
1933,4,Content Quality
1934,8,Pricing
1935,8,UI/UX
1936,8,Content Quality
1937,7,UI/UX
1938,4,App Experience
1939,7,Pricing
1940,7,App Experience
1941,7,Content Quality
1942,5,UI/UX
1943,10,App Experience
1944,5,Performance
1945,4,Content Quality
1946,2,Performance
1947,7,Performance
1948,6,App Experience
1949,5,App Experience
1950,10,UI/UX
1951,9,UI/UX
1952,9,Pricing
1953,5,Pricing
1954,3,Pricing
1955,6,App Experience
1956,8,App Experience
1957,7,Pricing
1958,8,UI/UX
1959,7,App Experience
1960,6,UI/UX
1961,8,Performance
1962,5,Content Quality
1963,5,Performance
1964,4,Pricing
1965,2,Content Quality
1966,6,Pricing
1967,3,Pricing
1968,9,UI/UX
1969,7,Pricing
1970,9,UI/UX
1971,6,Pricing
1972,5,Pricing
1973,9,App Experience
1974,4,Pricing
1975,3,UI/UX
1976,7,Performance
1977,8,UI/UX
1978,7,UI/UX
1979,7,Performance
1980,5,Content Quality
1981,10,App Experience
1982,7,Pricing
1983,3,App Experience
1984,5,UI/UX
1985,7,Performance
1986,5,App Experience
1987,7,Performance
1988,6,Pricing
1989,5,Performance
1990,8,UI/UX
1991,6,App Experience
1992,8,Performance
1993,10,App Experience
1994,7,Performance
1995,9,App Experience
1996,8,App Experience
1997,7,App Experience
1998,9,Content Quality
1999,6,Performance
2000,5,Pricing
2001,5,UI/UX
2002,6,Pricing
2003,9,Content Quality
2004,7,Content Quality
2005,7,Content Quality
2006,8,UI/UX
2007,6,App Experience
2008,6,Content Quality
2009,4,UI/UX
2010,7,UI/UX
2011,8,Content Quality
2012,7,UI/UX
2013,6,Performance
2014,10,App Experience
2015,9,Performance
2016,7,App Experience
2017,4,App Experience
2018,10,Content Quality
2019,7,App Experience
2020,6,UI/UX
2021,7,Content Quality
2022,7,Content Quality
2023,5,App Experience
2024,5,UI/UX
2025,6,Content Quality
2026,8,Content Quality
2027,8,Content Quality
2028,8,UI/UX
2029,10,UI/UX
2030,10,Performance
2031,6,Performance
2032,6,UI/UX
2033,6,Performance
2034,7,App Experience
2035,10,App Experience
2036,5,Performance
2037,7,Performance
2038,6,Content Quality
2039,10,UI/UX
2040,4,Pricing
2041,7,Performance
2042,10,UI/UX
2043,6,UI/UX
2044,4,Performance
2045,7,Performance
2046,6,Pricing
2047,4,Performance
2048,7,App Experience
2049,4,Performance
2050,8,App Experience
2051,4,Pricing
2052,8,Pricing
2053,6,Pricing
2054,5,App Experience
2055,3,Performance
2056,5,Performance
2057,8,App Experience
2058,4,UI/UX
2059,6,Performance
2060,4,Pricing
2061,7,Pricing
2062,4,Performance
2063,7,UI/UX
2064,7,Pricing
2065,5,Pricing
2066,4,Performance
2067,5,Pricing
2068,8,UI/UX
2069,8,Content Quality
2070,6,UI/UX
2071,10,Content Quality
2072,8,App Experience
2073,6,Content Quality
2074,6,Pricing
2075,6,Pricing
2076,10,Performance
2077,4,App Experience
2078,6,Pricing
2079,7,UI/UX
2080,6,Performance
2081,9,Pricing
2082,6,App Experience
2083,8,App Experience
2084,5,Content Quality
2085,9,App Experience
2086,7,Pricing
2087,4,Content Quality
2088,5,UI/UX
2089,7,App Experience
2090,9,Content Quality
2091,7,App Experience
2092,6,Content Quality
2093,8,App Experience
2094,4,Performance
2095,9,Pricing
2096,4,Performance
2097,7,Content Quality
2098,5,UI/UX
2099,9,Performance
2100,6,UI/UX
2101,7,Performance
2102,3,Pricing
2103,10,UI/UX
2104,8,Content Quality
2105,8,App Experience
2106,4,App Experience
2107,6,UI/UX
2108,6,Performance
2109,10,Performance
2110,5,Pricing
2111,5,Performance
2112,5,Performance
2113,8,Content Quality
2114,4,UI/UX
2115,5,UI/UX
2116,9,App Experience
2117,4,UI/UX
2118,5,Content Quality
2119,5,UI/UX
2120,9,UI/UX
2121,4,Content Quality
2122,9,Performance
2123,6,App Experience
2124,5,Performance
2125,3,Pricing
2126,8,Performance
2127,9,Performance
2128,9,App Experience
2129,5,Pricing
2130,9,UI/UX
2131,3,Performance
2132,3,UI/UX
2133,9,UI/UX
2134,8,App Experience
2135,2,UI/UX
2136,4,Performance
2137,4,App Experience
2138,9,UI/UX
2139,3,UI/UX
2140,7,App Experience
2141,5,App Experience
2142,8,Performance
2143,7,Content Quality
2144,10,Pricing
2145,4,Content Quality
2146,3,UI/UX
2147,6,UI/UX
2148,7,App Experience
2149,9,App Experience
2150,8,App Experience
2151,7,UI/UX
2152,6,Performance
2153,7,Content Quality
2154,4,Performance
2155,6,Pricing
2156,3,UI/UX
2157,6,App Experience
2158,7,Pricing
2159,7,App Experience
2160,10,Performance
2161,8,App Experience
2162,8,Performance
2163,7,Performance
2164,5,Performance
2165,5,App Experience
2166,6,Pricing
2167,5,Performance
2168,9,Pricing
2169,5,Content Quality
2170,5,Pricing
2171,6,Pricing
2172,7,UI/UX
2173,6,App Experience
2174,9,UI/UX
2175,9,Performance
2176,10,Performance
2177,8,App Experience
2178,6,Performance
2179,8,Content Quality
2180,8,UI/UX
2181,4,Content Quality
2182,3,UI/UX
2183,3,UI/UX
2184,6,UI/UX
2185,8,Performance
2186,6,App Experience
2187,5,App Experience
2188,9,Performance
2189,5,UI/UX
2190,9,UI/UX
2191,7,Pricing
2192,6,Pricing
2193,9,Pricing
2194,8,UI/UX
2195,10,Content Quality
2196,6,Content Quality
2197,8,Content Quality
2198,4,App Experience
2199,6,UI/UX
2200,8,Content Quality
2201,6,App Experience
2202,8,App Experience
2203,6,App Experience
2204,9,Content Quality
2205,5,Performance
2206,9,Pricing
2207,7,Performance
2208,9,App Experience
2209,8,UI/UX
2210,6,App Experience
2211,6,App Experience
2212,7,Content Quality
2213,8,App Experience
2214,9,UI/UX
2215,5,Content Quality
2216,10,UI/UX
2217,4,Pricing
2218,3,App Experience
2219,7,App Experience
2220,6,Pricing
2221,8,App Experience
2222,10,Performance
2223,5,Pricing
2224,6,Performance
2225,10,Content Quality
2226,7,Pricing
2227,4,Pricing
2228,8,UI/UX
2229,4,Pricing
2230,5,Pricing
2231,5,Content Quality
2232,9,Performance
2233,9,App Experience
2234,8,Pricing
2235,10,Pricing
2236,5,App Experience
2237,4,Pricing
2238,9,App Experience
2239,2,UI/UX
2240,4,Performance
2241,7,App Experience
2242,9,UI/UX
2243,6,UI/UX
2244,10,Content Quality
2245,4,UI/UX
2246,5,Performance
2247,6,Pricing
2248,6,UI/UX
2249,7,Pricing
2250,4,Content Quality
2251,9,UI/UX
2252,6,Performance
2253,5,Content Quality
2254,3,UI/UX
2255,4,Performance
2256,6,UI/UX
2257,6,Performance
2258,7,App Experience
2259,5,Performance
2260,4,UI/UX
2261,7,UI/UX
2262,8,Pricing
2263,7,Performance
2264,8,Pricing
2265,3,Performance
2266,10,Performance
2267,3,Pricing
2268,1,Content Quality
2269,8,UI/UX
2270,6,Performance
2271,4,Performance
2272,8,Pricing
2273,7,UI/UX
2274,8,UI/UX
2275,6,Pricing
2276,5,Performance
2277,7,Performance
2278,10,Performance
2279,6,Content Quality
2280,8,UI/UX
2281,6,Performance
2282,6,UI/UX
2283,7,Performance
2284,7,UI/UX
2285,9,App Experience
2286,8,App Experience
2287,4,Content Quality
2288,7,Content Quality
2289,5,App Experience
2290,7,App Experience
2291,6,App Experience
2292,6,Content Quality
2293,9,Performance
2294,9,Pricing
2295,4,UI/UX
2296,10,Performance
2297,2,Pricing
2298,9,UI/UX
2299,6,Content Quality
2300,10,Content Quality
2301,4,Content Quality
2302,9,Performance
2303,8,UI/UX
2304,3,Pricing
2305,6,Pricing
2306,7,Pricing
2307,5,Performance
2308,10,App Experience
2309,5,Pricing
2310,7,Performance
2311,6,UI/UX
2312,4,Pricing
2313,6,App Experience
2314,9,App Experience
2315,4,Performance
2316,6,Pricing
2317,4,Content Quality
2318,8,App Experience
2319,4,UI/UX
2320,6,App Experience
2321,4,Content Quality
2322,4,App Experience
2323,5,Performance
2324,7,Performance
2325,7,Content Quality
2326,8,Content Quality
2327,10,Performance
2328,9,Performance
2329,7,App Experience
2330,10,Pricing
2331,7,UI/UX
2332,5,UI/UX
2333,7,Performance
2334,4,Pricing
2335,8,App Experience
2336,4,App Experience
2337,9,UI/UX
2338,9,Content Quality
2339,10,UI/UX
2340,4,UI/UX
2341,9,Performance
2342,8,Content Quality
2343,3,UI/UX
2344,9,UI/UX
2345,7,App Experience
2346,5,Content Quality
2347,5,Performance
2348,5,App Experience
2349,5,App Experience
2350,10,Pricing
2351,6,UI/UX
2352,10,Content Quality
2353,0,App Experience
2354,5,Pricing
2355,4,Performance
2356,5,App Experience
2357,9,UI/UX
2358,4,Performance
2359,7,Pricing
2360,9,Performance
2361,5,UI/UX
2362,7,Pricing
2363,9,UI/UX
2364,7,App Experience
2365,1,Content Quality
2366,4,Performance
2367,7,Content Quality
2368,3,App Experience
2369,10,Content Quality
2370,9,Pricing
2371,6,Content Quality
2372,5,Performance
2373,6,UI/UX
2374,5,Performance
2375,8,Performance
2376,3,Pricing
2377,7,Content Quality
2378,7,Pricing
2379,5,UI/UX
2380,5,Content Quality
2381,2,App Experience
2382,7,Performance
2383,2,UI/UX
2384,1,Pricing
2385,9,UI/UX
2386,5,Performance
2387,5,Content Quality
2388,7,Pricing
2389,5,Performance
2390,7,UI/UX
2391,8,App Experience
2392,9,Pricing
2393,9,Performance
2394,8,UI/UX
2395,7,UI/UX
2396,8,Pricing
2397,7,Content Quality
2398,5,App Experience
2399,6,UI/UX
2400,7,Pricing
2401,6,App Experience
2402,7,Content Quality
2403,6,Pricing
2404,6,Performance
2405,5,Content Quality
2406,9,Performance
2407,10,Pricing
2408,5,Content Quality
2409,8,Performance
2410,5,Pricing
2411,4,UI/UX
2412,5,Content Quality
2413,10,UI/UX
2414,6,App Experience
2415,7,UI/UX
2416,3,Pricing
2417,10,Content Quality
2418,4,Performance
2419,8,UI/UX
2420,9,App Experience
2421,10,UI/UX
2422,8,Pricing
2423,8,Performance
2424,6,UI/UX
2425,6,Content Quality
2426,9,Performance
2427,4,Performance
2428,3,Pricing
2429,9,Pricing
2430,6,UI/UX
2431,5,Performance
2432,5,Performance
2433,7,App Experience
2434,9,Performance
2435,6,Content Quality
2436,7,Performance
2437,4,Performance
2438,7,Performance
2439,10,App Experience
2440,4,App Experience
2441,5,UI/UX
2442,8,App Experience
2443,5,Performance
2444,8,Pricing
2445,8,App Experience
2446,10,App Experience
2447,6,Content Quality
2448,7,Content Quality
2449,5,App Experience
2450,5,Performance
2451,8,Performance
2452,4,Pricing
2453,3,App Experience
2454,7,Content Quality
2455,7,App Experience
2456,6,Content Quality
2457,5,Pricing
2458,6,App Experience
2459,6,UI/UX
2460,6,UI/UX
2461,7,UI/UX
2462,6,UI/UX
2463,9,Content Quality
2464,7,Content Quality
2465,4,UI/UX
2466,9,App Experience
2467,7,App Experience
2468,9,UI/UX
2469,8,Performance
2470,5,Pricing
2471,1,Pricing
2472,7,App Experience
2473,7,Performance
2474,4,UI/UX
2475,7,App Experience
2476,6,App Experience
2477,7,Performance
2478,8,Pricing
2479,4,Content Quality
2480,2,UI/UX
2481,7,Content Quality
2482,8,Pricing
2483,7,App Experience
2484,10,Content Quality
2485,5,Content Quality
2486,5,App Experience
2487,9,Content Quality
2488,7,App Experience
2489,7,Content Quality
2490,8,Performance
2491,10,App Experience
2492,7,UI/UX
2493,6,Pricing
2494,7,Content Quality
2495,4,Performance
2496,4,Performance
2497,5,Content Quality
2498,7,UI/UX
2499,8,Content Quality
2500,9,Performance
2501,5,Content Quality
2502,7,Content Quality
2503,7,App Experience
2504,9,App Experience
2505,1,Performance
2506,5,Performance
2507,5,Content Quality
2508,4,Pricing
2509,9,App Experience
2510,6,Content Quality
2511,8,App Experience
2512,4,Performance
2513,7,App Experience
2514,10,Content Quality
2515,7,Content Quality
2516,8,Content Quality
2517,4,App Experience
2518,3,App Experience
2519,6,UI/UX
2520,4,App Experience
2521,9,Content Quality
2522,6,UI/UX
2523,7,UI/UX
2524,9,Pricing
2525,2,Pricing
2526,9,Performance
2527,6,Content Quality
2528,7,Performance
2529,2,UI/UX
2530,9,UI/UX
2531,5,Content Quality
2532,7,Performance
2533,4,App Experience
2534,4,UI/UX
2535,7,App Experience
2536,8,UI/UX
2537,5,Pricing
2538,6,App Experience
2539,7,Performance
2540,10,App Experience
2541,8,UI/UX
2542,6,Content Quality
2543,3,Pricing
2544,5,Performance
2545,7,Pricing
2546,8,UI/UX
2547,4,Pricing
2548,3,Performance
2549,9,App Experience
2550,8,Performance
2551,5,Pricing
2552,5,Pricing
2553,5,App Experience
2554,8,App Experience
2555,7,App Experience
2556,7,UI/UX
2557,4,Content Quality
2558,8,Performance
2559,6,Content Quality
2560,9,UI/UX
2561,5,Pricing
2562,8,Pricing
2563,5,App Experience
2564,8,Content Quality
2565,10,App Experience
2566,8,Pricing
2567,8,App Experience
2568,4,App Experience
2569,4,UI/UX
2570,10,Performance
2571,7,Performance
2572,3,Pricing
2573,7,UI/UX
2574,6,Content Quality
2575,5,Content Quality
2576,7,Content Quality
2577,7,App Experience
2578,0,App Experience
2579,7,Pricing
2580,3,UI/UX
2581,8,UI/UX
2582,6,Content Quality
2583,7,App Experience
2584,6,UI/UX
2585,7,UI/UX
2586,8,Performance
2587,7,Performance
2588,4,Pricing
2589,5,App Experience
2590,5,Content Quality
2591,10,App Experience
2592,7,Content Quality
2593,8,UI/UX
2594,6,Performance
2595,3,Content Quality
2596,7,Performance
2597,7,Content Quality
2598,6,UI/UX
2599,3,UI/UX
2600,6,UI/UX
2601,2,Performance
2602,9,Pricing
2603,7,Content Quality
2604,10,Performance
2605,10,Content Quality
2606,6,UI/UX
2607,7,UI/UX
2608,7,Content Quality
2609,10,Performance
2610,8,Performance
2611,5,UI/UX
2612,5,UI/UX
2613,6,Content Quality
2614,9,Pricing
2615,9,Content Quality
2616,6,Pricing
2617,7,UI/UX
2618,4,App Experience
2619,7,Performance
2620,6,UI/UX
2621,5,Content Quality
2622,8,Pricing
2623,7,UI/UX
2624,6,Content Quality
2625,10,App Experience
2626,5,Content Quality
2627,8,Content Quality
2628,9,Performance
2629,6,App Experience
2630,4,App Experience
2631,7,App Experience
2632,6,Performance
2633,6,Performance
2634,9,Pricing
2635,9,App Experience
2636,9,Performance
2637,5,Pricing
2638,6,Content Quality
2639,3,Pricing
2640,8,App Experience
2641,8,Pricing
2642,6,Performance
2643,8,Content Quality
2644,7,Pricing
2645,7,Performance
2646,7,Performance
2647,9,UI/UX
2648,5,UI/UX
2649,9,Performance
2650,8,Performance
2651,6,Pricing
2652,10,Pricing
2653,7,UI/UX
2654,6,App Experience
2655,5,Performance
2656,7,UI/UX
2657,8,App Experience
2658,8,Performance
2659,5,App Experience
2660,8,App Experience
2661,6,Content Quality
2662,7,UI/UX
2663,5,Content Quality
2664,9,UI/UX
2665,5,UI/UX
2666,10,UI/UX
2667,7,Performance
2668,3,Content Quality
2669,5,Performance
2670,8,Pricing
2671,8,Pricing
2672,9,Content Quality
2673,4,App Experience
2674,7,Performance
2675,7,Content Quality
2676,5,Performance
2677,6,Content Quality
2678,6,App Experience
2679,4,Pricing
2680,5,Performance
2681,7,Content Quality
2682,3,App Experience
2683,8,App Experience
2684,7,Performance
2685,5,Content Quality
2686,8,Performance
2687,8,App Experience
2688,7,Content Quality
2689,4,App Experience
2690,5,App Experience
2691,6,Content Quality
2692,8,App Experience
2693,3,Pricing
2694,8,Performance
2695,9,App Experience
2696,8,App Experience
2697,1,App Experience
2698,8,UI/UX
2699,6,Pricing
2700,8,UI/UX
2701,3,Performance
2702,5,UI/UX
2703,10,App Experience
2704,1,App Experience
2705,6,App Experience
2706,10,Content Quality
2707,8,UI/UX
2708,10,Content Quality
2709,4,Pricing
2710,9,Performance
2711,9,UI/UX
2712,8,Content Quality
2713,5,App Experience
2714,5,UI/UX
2715,8,UI/UX
2716,10,Performance
2717,5,Performance
2718,7,Pricing
2719,4,Content Quality
2720,5,UI/UX
2721,6,Pricing
2722,3,UI/UX
2723,4,Pricing
2724,7,Performance
2725,8,Pricing
2726,2,UI/UX
2727,4,Performance
2728,10,App Experience
2729,9,Pricing
2730,7,App Experience
2731,7,Pricing
2732,6,Performance
2733,3,Performance
2734,8,Content Quality
2735,10,Performance
2736,9,App Experience
2737,4,Content Quality
2738,8,App Experience
2739,5,Performance
2740,8,App Experience
2741,6,App Experience
2742,6,Content Quality
2743,3,Pricing
2744,8,Performance
2745,6,Content Quality
2746,5,Pricing
2747,3,App Experience
2748,6,Pricing
2749,5,App Experience
2750,3,Pricing
2751,3,App Experience
2752,8,App Experience
2753,6,App Experience
2754,6,Performance
2755,7,Content Quality
2756,5,UI/UX
2757,5,Pricing
2758,7,Pricing
2759,10,Performance
2760,5,Pricing
2761,3,Content Quality
2762,1,Pricing
2763,7,UI/UX
2764,5,App Experience
2765,6,Content Quality
2766,6,App Experience
2767,3,App Experience
2768,6,Content Quality
2769,8,Content Quality
2770,5,UI/UX
2771,6,App Experience
2772,5,App Experience
2773,8,Pricing
2774,5,App Experience
2775,7,Pricing
2776,9,Performance
2777,5,App Experience
2778,6,Content Quality
2779,8,App Experience
2780,2,Performance
2781,8,UI/UX
2782,7,UI/UX
2783,8,Content Quality
2784,4,UI/UX
2785,6,App Experience
2786,9,UI/UX
2787,3,Pricing
2788,1,Content Quality
2789,7,Performance
2790,8,Pricing
2791,4,Performance
2792,6,Content Quality
2793,8,Pricing
2794,10,Performance
2795,8,Pricing
2796,3,Pricing
2797,4,App Experience
2798,8,Content Quality
2799,9,Pricing
2800,4,UI/UX
2801,9,Pricing
2802,2,Performance
2803,9,UI/UX
2804,6,Content Quality
2805,4,Pricing
2806,7,Pricing
2807,5,Performance
2808,5,Performance
2809,7,Pricing
2810,7,Performance
2811,5,Pricing
2812,7,Pricing
2813,10,Pricing
2814,6,Performance
2815,3,Pricing
2816,3,Performance
2817,5,Performance
2818,10,Performance
2819,8,Performance
2820,9,App Experience
2821,6,Performance
2822,10,UI/UX
2823,2,App Experience
2824,5,UI/UX
2825,6,UI/UX
2826,4,Content Quality
2827,6,UI/UX
2828,3,App Experience
2829,8,Performance
2830,10,UI/UX
2831,4,Performance
2832,9,Performance
2833,6,App Experience
2834,7,UI/UX
2835,2,Pricing
2836,9,UI/UX
2837,9,App Experience
2838,6,App Experience
2839,5,UI/UX
2840,6,UI/UX
2841,9,Pricing
2842,5,Content Quality
2843,8,Pricing
2844,8,Performance
2845,7,Performance
2846,8,App Experience
2847,7,Performance
2848,10,Pricing
2849,6,Performance
2850,6,Performance
2851,7,UI/UX
2852,4,App Experience
2853,4,UI/UX
2854,7,Content Quality
2855,5,App Experience
2856,9,Pricing
2857,8,Performance
2858,7,Performance
2859,5,Performance
2860,7,UI/UX
2861,5,Pricing
2862,6,Pricing
2863,4,Content Quality
2864,7,Pricing
2865,2,Content Quality
2866,7,Performance
2867,8,Content Quality
2868,6,Pricing
2869,8,Content Quality
2870,6,Performance
2871,7,Performance
2872,5,UI/UX
2873,8,Content Quality
2874,5,App Experience
2875,4,Pricing
2876,6,App Experience
2877,7,Content Quality
2878,4,Pricing
2879,8,UI/UX
2880,9,UI/UX
2881,8,Pricing
2882,6,Pricing
2883,10,Pricing
2884,5,Content Quality
2885,10,App Experience
2886,6,Content Quality
2887,7,UI/UX
2888,6,Content Quality
2889,7,Content Quality
2890,8,Performance
2891,6,Performance
2892,5,App Experience
2893,7,UI/UX
2894,10,Content Quality
2895,5,Pricing
2896,8,Pricing
2897,5,Performance
2898,8,Pricing
2899,4,UI/UX
2900,3,Content Quality
2901,8,Content Quality
2902,4,UI/UX
2903,8,Pricing
2904,4,UI/UX
2905,7,UI/UX
2906,8,UI/UX
2907,5,App Experience
2908,5,Pricing
2909,6,Content Quality
2910,8,Content Quality
2911,8,App Experience
2912,5,App Experience
2913,4,Pricing
2914,6,UI/UX
2915,4,Performance
2916,3,UI/UX
2917,10,Content Quality
2918,8,App Experience
2919,8,Performance
2920,4,Pricing
2921,8,App Experience
2922,7,Content Quality
2923,7,App Experience
2924,4,UI/UX
2925,3,Content Quality
2926,5,Content Quality
2927,10,Performance
2928,8,Performance
2929,8,Content Quality
2930,7,UI/UX
2931,5,Performance
2932,4,Pricing
2933,7,Pricing
2934,5,Performance
2935,7,App Experience
2936,9,Content Quality
2937,6,App Experience
2938,4,Performance
2939,5,Content Quality
2940,5,Pricing
2941,6,Performance
2942,5,Pricing
2943,6,Pricing
2944,6,App Experience
2945,10,Performance
2946,8,UI/UX
2947,7,UI/UX
2948,3,Pricing
2949,2,Pricing
2950,4,App Experience
2951,7,Content Quality
2952,9,UI/UX
2953,9,Pricing
2954,6,Performance
2955,10,Content Quality
2956,7,Pricing
2957,8,App Experience
2958,6,Content Quality
2959,5,Performance
2960,8,Pricing
2961,7,Content Quality
2962,5,Content Quality
2963,4,UI/UX
2964,5,App Experience
2965,5,Content Quality
2966,4,Content Quality
2967,9,App Experience
2968,6,Performance
2969,5,UI/UX
2970,7,UI/UX
2971,6,Performance
2972,6,Content Quality
2973,2,Performance
2974,6,Pricing
2975,6,UI/UX
2976,10,UI/UX
2977,7,Content Quality
2978,8,Content Quality
2979,4,UI/UX
2980,10,UI/UX
2981,8,Performance
2982,7,App Experience
2983,6,Pricing
2984,8,Performance
2985,4,UI/UX
2986,7,Performance
2987,8,Performance
2988,5,App Experience
2989,4,Content Quality
2990,10,UI/UX
2991,4,Pricing
2992,9,Performance
2993,4,UI/UX
2994,5,Content Quality
2995,7,Performance
2996,7,UI/UX
2997,7,Pricing
2998,10,Content Quality
2999,7,App Experience
3000,6,Content Quality
3001,8,Performance
3002,9,Pricing
3003,7,Performance
3004,5,Pricing
3005,5,Content Quality
3006,5,UI/UX
3007,6,Performance
3008,6,Content Quality
3009,7,App Experience
3010,8,Pricing
3011,8,UI/UX
3012,7,Content Quality
3013,5,Pricing
3014,8,UI/UX
3015,8,Content Quality
3016,5,UI/UX
3017,7,Pricing
3018,8,Content Quality
3019,8,Content Quality
3020,7,App Experience
3021,4,Performance
3022,6,Pricing
3023,1,Performance
3024,6,Content Quality
3025,8,Performance
3026,7,Content Quality
3027,6,Pricing
3028,5,App Experience
3029,10,Performance
3030,9,App Experience
3031,6,UI/UX
3032,9,App Experience
3033,9,Performance
3034,9,UI/UX
3035,6,UI/UX
3036,8,UI/UX
3037,5,UI/UX
3038,4,UI/UX
3039,8,Pricing
3040,6,Content Quality
3041,10,Pricing
3042,6,Pricing
3043,5,Performance
3044,2,Pricing
3045,6,UI/UX
3046,5,Content Quality
3047,4,App Experience
3048,6,Pricing
3049,9,Pricing
3050,7,UI/UX
3051,4,Pricing
3052,4,Pricing
3053,5,Pricing
3054,7,UI/UX
3055,8,Performance
3056,7,Pricing
3057,6,App Experience
3058,4,App Experience
3059,5,Content Quality
3060,10,Content Quality
3061,8,App Experience
3062,10,UI/UX
3063,10,Pricing
3064,9,UI/UX
3065,7,App Experience
3066,7,Performance
3067,7,App Experience
3068,6,App Experience
3069,7,Pricing
3070,7,Content Quality
3071,5,UI/UX
3072,6,UI/UX
3073,2,Performance
3074,5,App Experience
3075,9,App Experience
3076,7,UI/UX
3077,6,App Experience
3078,10,Performance
3079,10,UI/UX
3080,5,Content Quality
3081,7,Content Quality
3082,6,Performance
3083,6,UI/UX
3084,3,Pricing
3085,5,App Experience
3086,6,Performance
3087,7,Pricing
3088,6,Performance
3089,7,Performance
3090,8,UI/UX
3091,5,UI/UX
3092,4,Pricing
3093,3,Performance
3094,7,App Experience
3095,6,App Experience
3096,5,App Experience
3097,7,Content Quality
3098,2,App Experience
3099,6,App Experience
3100,6,UI/UX
3101,5,Pricing
3102,6,UI/UX
3103,6,Performance
3104,6,App Experience
3105,7,Content Quality
3106,5,Content Quality
3107,7,Performance
3108,9,Performance
3109,6,Content Quality
3110,9,UI/UX
3111,4,UI/UX
3112,7,Content Quality
3113,7,Pricing
3114,8,Content Quality
3115,5,Performance
3116,7,Pricing
3117,6,Content Quality
3118,6,Content Quality
3119,8,Pricing
3120,7,App Experience
3121,6,UI/UX
3122,4,UI/UX
3123,7,Content Quality
3124,8,App Experience
3125,3,Pricing
3126,8,Pricing
3127,6,Pricing
3128,3,Content Quality
3129,10,App Experience
3130,8,Performance
3131,8,UI/UX
3132,4,Performance
3133,7,App Experience
3134,10,Content Quality
3135,6,Content Quality
3136,7,Content Quality
3137,8,Content Quality
3138,9,App Experience
3139,4,Performance
3140,9,Content Quality
3141,9,Content Quality
3142,6,UI/UX
3143,5,Pricing
3144,7,Pricing
3145,5,App Experience
3146,3,Pricing
3147,7,Content Quality
3148,2,Performance
3149,10,Pricing
3150,6,Pricing
3151,7,Performance
3152,7,Content Quality
3153,7,UI/UX
3154,10,Pricing
3155,8,Content Quality
3156,4,Performance
3157,6,App Experience
3158,7,Pricing
3159,5,Performance
3160,5,Performance
3161,8,Pricing
3162,8,Pricing
3163,6,Content Quality
3164,10,Performance
3165,8,Content Quality
3166,5,App Experience
3167,8,Content Quality
3168,8,UI/UX
3169,4,Pricing
3170,8,Pricing
3171,5,Content Quality
3172,5,Content Quality
3173,3,Content Quality
3174,6,Performance
3175,7,Content Quality
3176,6,Performance
3177,5,Content Quality
3178,6,UI/UX
3179,9,UI/UX
3180,6,App Experience
3181,3,App Experience
3182,7,Performance
3183,8,App Experience
3184,7,Content Quality
3185,7,App Experience
3186,8,Content Quality
3187,7,UI/UX
3188,7,UI/UX
3189,5,App Experience
3190,8,Content Quality
3191,6,UI/UX
3192,7,Content Quality
3193,9,UI/UX
3194,7,Content Quality
3195,6,Content Quality
3196,7,App Experience
3197,7,Performance
3198,6,Performance
3199,9,Pricing
3200,6,App Experience
3201,2,Pricing
3202,5,Performance
3203,10,Pricing
3204,6,App Experience
3205,8,UI/UX
3206,2,App Experience
3207,7,Content Quality
3208,6,Performance
3209,6,Performance
3210,6,Pricing
3211,10,App Experience
3212,9,Pricing
3213,8,App Experience
3214,9,Content Quality
3215,4,Pricing
3216,7,Content Quality
3217,7,Pricing
3218,8,Pricing
3219,8,UI/UX
3220,6,Performance
3221,2,Performance
3222,5,Content Quality
3223,8,Content Quality
3224,5,Performance
3225,8,Performance
3226,7,App Experience
3227,4,Performance
3228,7,Content Quality
3229,6,Pricing
3230,3,App Experience
3231,5,UI/UX
3232,7,Pricing
3233,5,Pricing
3234,7,App Experience
3235,4,Performance
3236,10,Performance
3237,6,Performance
3238,5,App Experience
3239,8,Content Quality
3240,5,App Experience
3241,5,UI/UX
3242,6,Content Quality
3243,8,App Experience
3244,5,Performance
3245,4,Content Quality
3246,5,Performance
3247,1,App Experience
3248,7,Pricing
3249,10,Pricing
3250,9,Pricing
3251,9,Performance
3252,8,UI/UX
3253,5,UI/UX
3254,6,Performance
3255,7,App Experience
3256,10,Pricing
3257,4,Performance
3258,2,Content Quality
3259,10,App Experience
3260,9,UI/UX
3261,7,Performance
3262,7,UI/UX
3263,5,UI/UX
3264,7,UI/UX
3265,7,UI/UX
3266,9,Content Quality
3267,5,Performance
3268,4,UI/UX
3269,8,Pricing
3270,4,Content Quality
3271,6,Performance
3272,4,Content Quality
3273,7,App Experience
3274,3,Content Quality
3275,6,Content Quality
3276,8,Content Quality
3277,5,App Experience
3278,7,Pricing
3279,5,App Experience
3280,8,Content Quality
3281,6,Pricing
3282,9,App Experience
3283,7,UI/UX
3284,8,App Experience
3285,8,App Experience
3286,8,App Experience
3287,7,Performance
3288,8,Performance
3289,8,Pricing
3290,3,Content Quality
3291,7,Pricing
3292,6,Performance
3293,5,Content Quality
3294,4,Performance
3295,5,App Experience
3296,5,Content Quality
3297,7,UI/UX
3298,8,Content Quality
3299,8,Performance
3300,9,Performance
3301,10,UI/UX
3302,3,App Experience
3303,7,App Experience
3304,9,App Experience
3305,2,Content Quality
3306,6,UI/UX
3307,8,App Experience
3308,5,Performance
3309,10,Content Quality
3310,4,Pricing
3311,5,App Experience
3312,10,Content Quality
3313,5,Content Quality
3314,8,Content Quality
3315,10,Performance
3316,6,Performance
3317,7,Content Quality
3318,8,Performance
3319,7,Content Quality
3320,5,Performance
3321,7,Content Quality
3322,6,Pricing
3323,4,Content Quality
3324,7,Content Quality
3325,6,Content Quality
3326,7,Pricing
3327,7,Performance
3328,4,Pricing
3329,7,UI/UX
3330,10,Pricing
3331,6,Content Quality
3332,6,UI/UX
3333,4,Content Quality
3334,4,Performance
3335,9,Pricing
3336,8,Content Quality
3337,4,Pricing
3338,8,App Experience
3339,6,Performance
3340,9,UI/UX
3341,8,Performance
3342,8,App Experience
3343,4,Performance
3344,8,App Experience
3345,5,Content Quality
3346,9,Content Quality
3347,7,Content Quality
3348,5,UI/UX
3349,6,Content Quality
3350,7,App Experience
3351,6,App Experience
3352,10,Pricing
3353,8,Performance
3354,8,Content Quality
3355,10,Performance
3356,5,UI/UX
3357,9,Pricing
3358,6,App Experience
3359,4,Content Quality
3360,9,Content Quality
3361,10,Performance
3362,6,App Experience
3363,5,Pricing
3364,9,App Experience
3365,10,Pricing
3366,4,App Experience
3367,7,Content Quality
3368,6,Content Quality
3369,7,App Experience
3370,6,Performance
3371,6,App Experience
3372,3,App Experience
3373,8,Performance
3374,6,Performance
3375,7,Pricing
3376,8,App Experience
3377,4,UI/UX
3378,8,Pricing
3379,10,Pricing
3380,4,Pricing
3381,5,Content Quality
3382,7,Performance
3383,8,App Experience
3384,7,Pricing
3385,2,Content Quality
3386,6,Content Quality
3387,6,Performance
3388,5,UI/UX
3389,5,App Experience
3390,4,Performance
3391,6,Content Quality
3392,6,Pricing
3393,6,UI/UX
3394,4,UI/UX
3395,4,App Experience
3396,8,Content Quality
3397,6,App Experience
3398,2,UI/UX
3399,6,Pricing
3400,10,Pricing
3401,7,App Experience
3402,6,Performance
3403,7,Performance
3404,6,App Experience
3405,9,Pricing
3406,8,Content Quality
3407,6,Performance
3408,9,App Experience
3409,10,Performance
3410,10,App Experience
3411,9,App Experience
3412,8,Pricing
3413,8,Pricing
3414,9,Content Quality
3415,8,Performance
3416,8,App Experience
3417,7,UI/UX
3418,6,App Experience
3419,4,Content Quality
3420,6,Performance
3421,8,Content Quality
3422,8,App Experience
3423,7,App Experience
3424,5,Content Quality
3425,9,Content Quality
3426,7,Pricing
3427,10,Performance
3428,3,Content Quality
3429,6,Pricing
3430,5,App Experience
3431,8,Performance
3432,8,Pricing
3433,7,Content Quality
3434,7,Content Quality
3435,9,Performance
3436,5,UI/UX
3437,4,UI/UX
3438,8,Content Quality
3439,8,Performance
3440,7,UI/UX
3441,6,Performance
3442,6,UI/UX
3443,3,App Experience
3444,6,Performance
3445,3,Performance
3446,7,Content Quality
3447,10,Content Quality
3448,5,UI/UX
3449,8,UI/UX
3450,7,Pricing
3451,9,Content Quality
3452,6,App Experience
3453,5,Content Quality
3454,7,App Experience
3455,8,App Experience
3456,5,App Experience
3457,4,Performance
3458,5,App Experience
3459,6,Performance
3460,6,Pricing
3461,6,Pricing
3462,6,App Experience
3463,4,Pricing
3464,3,App Experience
3465,10,UI/UX
3466,4,Performance
3467,5,Pricing
3468,5,Performance
3469,5,UI/UX
3470,8,Performance
3471,9,Content Quality
3472,5,Content Quality
3473,8,Performance
3474,6,UI/UX
3475,6,App Experience
3476,5,Pricing
3477,6,App Experience
3478,4,Pricing
3479,4,Content Quality
3480,2,Performance
3481,10,App Experience
3482,7,Content Quality
3483,7,App Experience
3484,4,Content Quality
3485,9,UI/UX
3486,6,Pricing
3487,8,Performance
3488,3,Content Quality
3489,5,Content Quality
3490,6,Content Quality
3491,9,UI/UX
3492,10,App Experience
3493,4,UI/UX
3494,8,Performance
3495,7,UI/UX
3496,5,UI/UX
3497,9,Performance
3498,5,App Experience
3499,8,Content Quality
3500,8,UI/UX
3501,6,App Experience
3502,5,Pricing
3503,4,UI/UX
3504,4,Content Quality
3505,4,App Experience
3506,6,App Experience
3507,6,Content Quality
3508,9,UI/UX
3509,8,App Experience
3510,7,Performance
3511,2,UI/UX
3512,6,Pricing
3513,7,UI/UX
3514,4,Content Quality
3515,2,UI/UX
3516,7,App Experience
3517,4,Performance
3518,10,Pricing
3519,0,Performance
3520,9,Performance
3521,4,UI/UX
3522,6,Content Quality
3523,6,Performance
3524,6,Pricing
3525,5,UI/UX
3526,4,UI/UX
3527,7,Pricing
3528,6,App Experience
3529,6,Content Quality
3530,3,Performance
3531,4,Content Quality
3532,10,Content Quality
3533,9,UI/UX
3534,4,App Experience
3535,7,App Experience
3536,3,Content Quality
3537,6,Performance
3538,6,Pricing
3539,7,Performance
3540,3,UI/UX
3541,10,UI/UX
3542,8,Content Quality
3543,7,UI/UX
3544,8,UI/UX
3545,4,Content Quality
3546,8,Performance
3547,4,UI/UX
3548,4,Pricing
3549,8,Content Quality
3550,5,Content Quality
3551,6,Pricing
3552,4,Content Quality
3553,5,Performance
3554,6,UI/UX
3555,2,App Experience
3556,5,UI/UX
3557,4,Pricing
3558,6,UI/UX
3559,5,Pricing
3560,6,Pricing
3561,7,Pricing
3562,6,Pricing
3563,7,Content Quality
3564,10,Pricing
3565,8,App Experience
3566,8,Performance
3567,6,Performance
3568,6,Performance
3569,9,Pricing
3570,6,App Experience
3571,8,Content Quality
3572,7,Pricing
3573,10,UI/UX
3574,6,App Experience
3575,4,Performance
3576,8,Content Quality
3577,5,Performance
3578,4,Pricing
3579,5,Performance
3580,8,Content Quality
3581,3,App Experience
3582,10,Content Quality
3583,5,Pricing
3584,7,App Experience
3585,10,Pricing
3586,10,Performance
3587,5,Performance
3588,5,Pricing
3589,6,Pricing
3590,10,Pricing
3591,10,App Experience
3592,7,Performance
3593,7,Pricing
3594,6,Performance
3595,3,App Experience
3596,8,Pricing
3597,6,Content Quality
3598,9,App Experience
3599,8,Pricing
3600,6,Content Quality
3601,10,UI/UX
3602,5,App Experience
3603,10,Pricing
3604,7,Content Quality
3605,6,Performance
3606,3,UI/UX
3607,1,Pricing
3608,7,Performance
3609,6,App Experience
3610,6,Content Quality
3611,6,App Experience
3612,7,UI/UX
3613,5,Performance
3614,7,Content Quality
3615,5,UI/UX
3616,4,UI/UX
3617,6,App Experience
3618,8,Pricing
3619,8,App Experience
3620,5,Content Quality
3621,3,App Experience
3622,10,UI/UX
3623,4,Pricing
3624,6,App Experience
3625,8,Pricing
3626,8,Content Quality
3627,4,UI/UX
3628,5,App Experience
3629,8,App Experience
3630,7,UI/UX
3631,7,Performance
3632,5,Performance
3633,6,UI/UX
3634,7,UI/UX
3635,10,Pricing
3636,8,Performance
3637,8,App Experience
3638,7,Pricing
3639,3,Performance
3640,5,Pricing
3641,7,Performance
3642,7,UI/UX
3643,7,App Experience
3644,7,Performance
3645,6,Pricing
3646,5,Pricing
3647,6,UI/UX
3648,6,Content Quality
3649,5,Performance
3650,8,Content Quality
3651,7,Pricing
3652,4,UI/UX
3653,6,Pricing
3654,9,Content Quality
3655,8,Pricing
3656,10,App Experience
3657,8,Content Quality
3658,6,Content Quality
3659,3,Content Quality
3660,5,Pricing
3661,7,Pricing
3662,5,Content Quality
3663,10,Content Quality
3664,8,Content Quality
3665,7,Performance
3666,7,App Experience
3667,4,Pricing
3668,6,App Experience
3669,6,Content Quality
3670,5,Pricing
3671,6,App Experience
3672,7,Performance
3673,5,UI/UX
3674,5,App Experience
3675,5,UI/UX
3676,5,App Experience
3677,6,Content Quality
3678,4,Pricing
3679,5,Pricing
3680,10,Pricing
3681,7,Pricing
3682,4,Pricing
3683,6,Pricing
3684,5,Pricing
3685,5,Content Quality
3686,9,UI/UX
3687,7,Performance
3688,10,Pricing
3689,4,UI/UX
3690,7,App Experience
3691,6,Performance
3692,5,Content Quality
3693,2,UI/UX
3694,6,App Experience
3695,6,Pricing
3696,7,UI/UX
3697,10,Content Quality
3698,6,Pricing
3699,9,Performance
3700,2,Content Quality
3701,4,UI/UX
3702,6,App Experience
3703,5,UI/UX
3704,7,Performance
3705,4,UI/UX
3706,9,Pricing
3707,8,Performance
3708,8,UI/UX
3709,8,Pricing
3710,6,Content Quality
3711,4,Pricing
3712,10,Content Quality
3713,5,Performance
3714,6,UI/UX
3715,5,Pricing
3716,7,Pricing
3717,7,Performance
3718,5,Content Quality
3719,3,UI/UX
3720,7,Content Quality
3721,8,UI/UX
3722,8,UI/UX
3723,8,Pricing
3724,6,Performance
3725,7,Content Quality
3726,5,App Experience
3727,5,Content Quality
3728,8,UI/UX
3729,6,Pricing
3730,5,Content Quality
3731,9,Performance
3732,9,UI/UX
3733,9,App Experience
3734,3,App Experience
3735,6,UI/UX
3736,8,UI/UX
3737,5,UI/UX
3738,5,Pricing
3739,5,UI/UX
3740,8,Content Quality
3741,7,Pricing
3742,5,Performance
3743,7,App Experience
3744,7,Performance
3745,7,Pricing
3746,7,UI/UX
3747,6,Content Quality
3748,7,Content Quality
3749,8,Pricing
3750,5,Pricing
3751,8,Performance
3752,5,Content Quality
3753,6,App Experience
3754,6,UI/UX
3755,7,App Experience
3756,3,Performance
3757,7,Pricing
3758,3,App Experience
3759,7,App Experience
3760,7,App Experience
3761,10,App Experience
3762,3,Content Quality
3763,4,Performance
3764,8,Performance
3765,4,Content Quality
3766,4,Content Quality
3767,5,App Experience
3768,8,Pricing
3769,4,App Experience
3770,10,App Experience
3771,8,UI/UX
3772,7,UI/UX
3773,3,Pricing
3774,4,Pricing
3775,6,App Experience
3776,6,UI/UX
3777,3,Content Quality
3778,7,Content Quality
3779,7,UI/UX
3780,9,Content Quality
3781,4,UI/UX
3782,10,Pricing
3783,4,UI/UX
3784,7,Pricing
3785,10,UI/UX
3786,7,App Experience
3787,7,Content Quality
3788,6,Pricing
3789,6,UI/UX
3790,5,App Experience
3791,7,Performance
3792,6,Performance
3793,2,UI/UX
3794,10,UI/UX
3795,8,Pricing
3796,4,App Experience
3797,9,UI/UX
3798,10,Performance
3799,5,App Experience
3800,7,Pricing
3801,9,Performance
3802,4,Content Quality
3803,3,App Experience
3804,9,Performance
3805,9,App Experience
3806,6,Content Quality
3807,5,App Experience
3808,8,Pricing
3809,7,Pricing
3810,6,Content Quality
3811,7,Performance
3812,6,Content Quality
3813,4,Performance
3814,8,Performance
3815,7,Performance
3816,6,Performance
3817,7,Content Quality
3818,7,Performance
3819,7,Pricing
3820,4,Pricing
3821,8,Content Quality
3822,5,Content Quality
3823,5,UI/UX
3824,7,Content Quality
3825,6,Performance
3826,6,Content Quality
3827,4,Content Quality
3828,8,UI/UX
3829,10,App Experience
3830,7,App Experience
3831,7,Pricing
3832,6,Content Quality
3833,8,UI/UX
3834,10,Pricing
3835,4,Performance
3836,7,Pricing
3837,8,Content Quality
3838,7,Pricing
3839,7,App Experience
3840,4,Content Quality
3841,4,Pricing
3842,9,Performance
3843,7,Performance
3844,5,UI/UX
3845,6,Content Quality
3846,7,Performance
3847,6,Content Quality
3848,8,Pricing
3849,5,Performance
3850,7,UI/UX
3851,6,Pricing
3852,4,Content Quality
3853,8,Performance
3854,6,Content Quality
3855,7,UI/UX
3856,7,UI/UX
3857,4,Pricing
3858,4,Content Quality
3859,6,Content Quality
3860,7,App Experience
3861,5,App Experience
3862,7,UI/UX
3863,5,Pricing
3864,5,Content Quality
3865,9,Performance
3866,8,Pricing
3867,9,Content Quality
3868,6,Performance
3869,7,Pricing
3870,6,App Experience
3871,8,Performance
3872,7,App Experience
3873,4,Pricing
3874,2,App Experience
3875,8,Performance
3876,6,UI/UX
3877,6,App Experience
3878,7,Performance
3879,7,Pricing
3880,10,Pricing
3881,8,App Experience
3882,9,App Experience
3883,7,Content Quality
3884,6,Performance
3885,5,App Experience
3886,10,Pricing
3887,3,UI/UX
3888,9,UI/UX
3889,7,Content Quality
3890,8,App Experience
3891,10,Pricing
3892,4,Performance
3893,6,Performance
3894,5,UI/UX
3895,9,Content Quality
3896,6,Pricing
3897,10,Content Quality
3898,6,Performance
3899,6,Pricing
3900,5,Content Quality
3901,9,UI/UX
3902,7,App Experience
3903,6,Performance
3904,6,UI/UX
3905,7,UI/UX
3906,6,Content Quality
3907,9,Pricing
3908,7,App Experience
3909,9,App Experience
3910,6,Content Quality
3911,7,UI/UX
3912,6,Content Quality
3913,7,UI/UX
3914,4,UI/UX
3915,5,Performance
3916,5,UI/UX
3917,5,App Experience
3918,10,App Experience
3919,6,App Experience
3920,8,Performance
3921,5,App Experience
3922,6,Performance
3923,6,UI/UX
3924,6,Content Quality
3925,6,Performance
3926,9,App Experience
3927,9,App Experience
3928,6,Pricing
3929,4,Content Quality
3930,8,App Experience
3931,8,App Experience
3932,8,Content Quality
3933,8,App Experience
3934,2,Content Quality
3935,7,App Experience
3936,6,App Experience
3937,4,Performance
3938,10,Performance
3939,8,App Experience
3940,4,Content Quality
3941,8,UI/UX
3942,4,Pricing
3943,7,Content Quality
3944,7,Content Quality
3945,6,Performance
3946,6,Performance
3947,5,App Experience
3948,2,UI/UX
3949,7,UI/UX
3950,3,Pricing
3951,8,Content Quality
3952,4,Content Quality
3953,7,Content Quality
3954,7,Pricing
3955,7,App Experience
3956,10,Content Quality
3957,7,App Experience
3958,5,Content Quality
3959,3,App Experience
3960,4,UI/UX
3961,2,Content Quality
3962,7,Performance
3963,8,Performance
3964,4,Content Quality
3965,8,UI/UX
3966,6,Content Quality
3967,6,App Experience
3968,4,App Experience
3969,7,Performance
3970,5,App Experience
3971,6,App Experience
3972,9,UI/UX
3973,7,App Experience
3974,6,Content Quality
3975,8,Content Quality
3976,4,Content Quality
3977,4,Content Quality
3978,7,App Experience
3979,7,Content Quality
3980,5,Content Quality
3981,8,App Experience
3982,7,Performance
3983,8,App Experience
3984,6,App Experience
3985,7,App Experience
3986,4,UI/UX
3987,6,Performance
3988,8,Performance
3989,8,UI/UX
3990,5,Pricing
3991,9,App Experience
3992,4,UI/UX
3993,9,Performance
3994,8,App Experience
3995,2,Pricing
3996,8,App Experience
3997,7,Performance
3998,7,Content Quality
3999,3,App Experience
4000,5,UI/UX
4001,6,UI/UX
4002,3,UI/UX
4003,7,Pricing
4004,5,App Experience
4005,10,Performance
4006,7,Performance
4007,9,Pricing
4008,4,App Experience
4009,10,Performance
4010,5,Performance
4011,10,Content Quality
4012,7,Content Quality
4013,6,Pricing
4014,7,UI/UX
4015,5,Content Quality
4016,9,Performance
4017,8,UI/UX
4018,8,App Experience
4019,7,Content Quality
4020,8,Content Quality
4021,5,UI/UX
4022,5,Content Quality
4023,5,Pricing
4024,8,Content Quality
4025,3,Performance
4026,8,App Experience
4027,3,Pricing
4028,8,App Experience
4029,5,Content Quality
4030,4,UI/UX
4031,4,Content Quality
4032,5,App Experience
4033,6,UI/UX
4034,6,App Experience
4035,6,UI/UX
4036,8,Content Quality
4037,7,App Experience
4038,8,Pricing
4039,5,Content Quality
4040,3,App Experience
4041,6,Content Quality
4042,5,Performance
4043,8,Content Quality
4044,7,Performance
4045,5,App Experience
4046,5,Content Quality
4047,6,Performance
4048,3,App Experience
4049,5,Performance
4050,8,Performance
4051,6,Performance
4052,9,Pricing
4053,6,Content Quality
4054,7,Content Quality
4055,5,Pricing
4056,6,Pricing
4057,6,Pricing
4058,7,Content Quality
4059,7,UI/UX
4060,2,Performance
4061,10,Performance
4062,6,Performance
4063,3,Content Quality
4064,8,Pricing
4065,6,App Experience
4066,5,App Experience
4067,9,Performance
4068,2,Content Quality
4069,8,Performance
4070,7,UI/UX
4071,8,App Experience
4072,10,App Experience
4073,9,App Experience
4074,6,Performance
4075,6,UI/UX
4076,5,Performance
4077,6,App Experience
4078,7,App Experience
4079,3,UI/UX
4080,8,UI/UX
4081,2,Pricing
4082,7,App Experience
4083,6,App Experience
4084,6,Content Quality
4085,7,UI/UX
4086,4,Pricing
4087,8,Pricing
4088,8,UI/UX
4089,7,Content Quality
4090,8,Content Quality
4091,10,Pricing
4092,5,Performance
4093,4,Pricing
4094,7,App Experience
4095,5,App Experience
4096,6,Performance
4097,9,UI/UX
4098,8,Pricing
4099,5,UI/UX
4100,5,Performance
4101,5,App Experience
4102,8,UI/UX
4103,8,Content Quality
4104,7,App Experience
4105,6,App Experience
4106,6,UI/UX
4107,6,UI/UX
4108,3,App Experience
4109,5,Content Quality
4110,8,Content Quality
4111,9,UI/UX
4112,5,App Experience
4113,7,Performance
4114,5,App Experience
4115,7,UI/UX
4116,7,App Experience
4117,8,Performance
4118,4,Pricing
4119,6,UI/UX
4120,4,Pricing
4121,5,App Experience
4122,7,UI/UX
4123,9,UI/UX
4124,7,Performance
4125,4,UI/UX
4126,9,Content Quality
4127,8,Performance
4128,6,Pricing
4129,7,Performance
4130,10,Performance
4131,4,Performance
4132,10,Performance
4133,4,App Experience
4134,7,UI/UX
4135,7,Performance
4136,8,Pricing
4137,6,Performance
4138,7,UI/UX
4139,9,Content Quality
4140,9,App Experience
4141,8,Pricing
4142,7,App Experience
4143,5,Pricing
4144,2,App Experience
4145,5,Content Quality
4146,8,UI/UX
4147,6,Content Quality
4148,5,UI/UX
4149,5,Performance
4150,8,Content Quality
4151,6,Performance
4152,10,Pricing
4153,5,UI/UX
4154,10,UI/UX
4155,9,Performance
4156,4,App Experience
4157,7,Performance
4158,3,Performance
4159,7,Performance
4160,5,Performance
4161,8,Performance
4162,7,Performance
4163,4,Content Quality
4164,3,UI/UX
4165,5,Content Quality
4166,9,UI/UX
4167,7,Content Quality
4168,3,UI/UX
4169,6,Pricing
4170,5,App Experience
4171,7,Pricing
4172,7,Performance
4173,8,App Experience
4174,10,Pricing
4175,10,App Experience
4176,5,UI/UX
4177,7,UI/UX
4178,7,Pricing
4179,6,Content Quality
4180,9,Performance
4181,10,Performance
4182,9,UI/UX
4183,7,Performance
4184,7,Content Quality
4185,4,UI/UX
4186,4,App Experience
4187,7,Performance
4188,4,Performance
4189,6,App Experience
4190,7,UI/UX
4191,6,Content Quality
4192,10,Content Quality
4193,8,App Experience
4194,4,Performance
4195,3,Pricing
4196,3,UI/UX
4197,5,Performance
4198,4,Performance
4199,7,Content Quality
4200,5,App Experience
4201,9,App Experience
4202,10,Performance
4203,8,Performance
4204,4,Performance
4205,7,Content Quality
4206,6,App Experience
4207,7,Content Quality
4208,9,App Experience
4209,7,Performance
4210,6,Performance
4211,6,Content Quality
4212,10,Pricing
4213,6,App Experience
4214,7,Content Quality
4215,4,Content Quality
4216,6,App Experience
4217,5,App Experience
4218,8,App Experience
4219,5,App Experience
4220,6,UI/UX
4221,5,App Experience
4222,7,Content Quality
4223,7,UI/UX
4224,7,UI/UX
4225,8,UI/UX
4226,8,App Experience
4227,6,Performance
4228,6,App Experience
4229,9,Pricing
4230,3,App Experience
4231,5,Performance
4232,4,Pricing
4233,8,Performance
4234,4,App Experience
4235,5,App Experience
4236,5,UI/UX
4237,7,App Experience
4238,7,App Experience
4239,6,App Experience
4240,7,App Experience
4241,10,Performance
4242,5,Performance
4243,5,Performance
4244,8,Pricing
4245,9,Pricing
4246,6,App Experience
4247,8,App Experience
4248,4,Pricing
4249,5,Content Quality
4250,4,App Experience
4251,8,Content Quality
4252,6,UI/UX
4253,5,App Experience
4254,7,Pricing
4255,6,Content Quality
4256,6,Performance
4257,5,Pricing
4258,6,Performance
4259,6,Performance
4260,5,Pricing
4261,1,UI/UX
4262,7,Pricing
4263,9,Performance
4264,6,Performance
4265,4,UI/UX
4266,7,App Experience
4267,3,UI/UX
4268,9,UI/UX
4269,8,Performance
4270,4,Content Quality
4271,8,UI/UX
4272,1,UI/UX
4273,9,App Experience
4274,6,Pricing
4275,7,Performance
4276,6,Performance
4277,5,Content Quality
4278,7,Pricing
4279,10,Performance
4280,8,Performance
4281,7,UI/UX
4282,9,UI/UX
4283,5,Content Quality
4284,6,Pricing
4285,2,Performance
4286,7,Performance
4287,5,App Experience
4288,7,App Experience
4289,7,UI/UX
4290,7,Pricing
4291,6,UI/UX
4292,3,App Experience
4293,4,Pricing
4294,10,App Experience
4295,2,Content Quality
4296,8,Content Quality
4297,7,Performance
4298,6,UI/UX
4299,6,Performance
4300,6,Content Quality
4301,8,Performance
4302,10,App Experience
4303,4,Pricing
4304,10,Performance
4305,2,Performance
4306,5,Performance
4307,9,UI/UX
4308,4,App Experience
4309,6,Pricing
4310,4,App Experience
4311,9,Performance
4312,6,Content Quality
4313,7,Performance
4314,5,App Experience
4315,4,UI/UX
4316,5,Content Quality
4317,7,UI/UX
4318,7,Content Quality
4319,6,Performance
4320,6,Pricing
4321,5,Performance
4322,5,UI/UX
4323,6,App Experience
4324,2,Content Quality
4325,10,Performance
4326,10,Pricing
4327,9,App Experience
4328,8,UI/UX
4329,5,Pricing
4330,8,App Experience
4331,5,Content Quality
4332,7,Content Quality
4333,10,Performance
4334,7,UI/UX
4335,2,Content Quality
4336,7,App Experience
4337,5,Performance
4338,3,UI/UX
4339,9,Performance
4340,8,UI/UX
4341,5,Content Quality
4342,5,Performance
4343,7,UI/UX
4344,6,UI/UX
4345,6,Pricing
4346,7,Pricing
4347,7,Content Quality
4348,7,Performance
4349,7,Content Quality
4350,5,Content Quality
4351,6,UI/UX
4352,8,Content Quality
4353,3,Pricing
4354,8,Pricing
4355,6,App Experience
4356,5,UI/UX
4357,8,Content Quality
4358,9,Pricing
4359,7,Pricing
4360,5,Performance
4361,5,App Experience
4362,8,Pricing
4363,8,Pricing
4364,7,Performance
4365,10,UI/UX
4366,6,Pricing
4367,8,App Experience
4368,8,UI/UX
4369,4,App Experience
4370,4,Content Quality
4371,7,UI/UX
4372,4,Content Quality
4373,9,Content Quality
4374,9,Performance
4375,7,UI/UX
4376,7,App Experience
4377,8,UI/UX
4378,9,UI/UX
4379,7,Content Quality
4380,7,Content Quality
4381,6,Pricing
4382,5,UI/UX
4383,7,App Experience
4384,5,Performance
4385,9,App Experience
4386,8,Content Quality
4387,7,Pricing
4388,5,Content Quality
4389,8,Content Quality
4390,9,UI/UX
4391,5,Pricing
4392,9,UI/UX
4393,6,Performance
4394,6,UI/UX
4395,8,Content Quality
4396,3,App Experience
4397,5,Performance
4398,7,App Experience
4399,10,UI/UX
4400,10,App Experience
4401,7,Content Quality
4402,5,Content Quality
4403,10,Pricing
4404,6,Content Quality
4405,5,Pricing
4406,8,Pricing
4407,10,UI/UX
4408,4,Content Quality
4409,8,App Experience
4410,10,UI/UX
4411,6,Performance
4412,5,Performance
4413,5,Performance
4414,5,UI/UX
4415,9,App Experience
4416,6,Pricing
4417,6,Pricing
4418,10,UI/UX
4419,4,App Experience
4420,6,Pricing
4421,9,UI/UX
4422,6,Pricing
4423,10,Performance
4424,7,App Experience
4425,9,App Experience
4426,3,Pricing
4427,7,UI/UX
4428,3,UI/UX
4429,7,App Experience
4430,5,Performance
4431,7,Pricing
4432,10,Performance
4433,8,Performance
4434,6,Pricing
4435,10,App Experience
4436,6,UI/UX
4437,9,App Experience
4438,10,Content Quality
4439,9,Pricing
4440,4,Content Quality
4441,6,Pricing
4442,6,Performance
4443,8,Performance
4444,3,Pricing
4445,7,Content Quality
4446,6,Performance
4447,7,UI/UX
4448,6,Pricing
4449,5,Content Quality
4450,5,Performance
4451,7,Pricing
4452,10,App Experience
4453,4,Content Quality
4454,4,App Experience
4455,8,App Experience
4456,7,Pricing
4457,4,Pricing
4458,7,Performance
4459,7,Performance
4460,10,UI/UX
4461,10,UI/UX
4462,6,Pricing
4463,5,App Experience
4464,5,App Experience
4465,4,UI/UX
4466,8,Pricing
4467,4,Performance
4468,7,Pricing
4469,5,Performance
4470,7,UI/UX
4471,6,Performance
4472,8,Performance
4473,7,UI/UX
4474,8,Pricing
4475,10,UI/UX
4476,7,UI/UX
4477,9,UI/UX
4478,7,App Experience
4479,10,UI/UX
4480,6,Content Quality
4481,6,Pricing
4482,6,UI/UX
4483,10,Performance
4484,3,Performance
4485,6,Pricing
4486,8,UI/UX
4487,5,Performance
4488,6,Performance
4489,6,App Experience
4490,6,Performance
4491,7,UI/UX
4492,6,Performance
4493,5,UI/UX
4494,8,Content Quality
4495,6,Content Quality
4496,5,App Experience
4497,6,Content Quality
4498,8,Performance
4499,8,Performance
4500,6,Pricing
4501,4,UI/UX
4502,5,Performance
4503,2,UI/UX
4504,3,Performance
4505,7,App Experience
4506,8,Pricing
4507,6,App Experience
4508,5,Content Quality
4509,6,App Experience
4510,6,Performance
4511,8,Pricing
4512,7,Content Quality
4513,10,UI/UX
4514,7,Content Quality
4515,6,Pricing
4516,8,Content Quality
4517,6,App Experience
4518,9,Content Quality
4519,2,App Experience
4520,4,Content Quality
4521,5,Content Quality
4522,8,Performance
4523,3,Content Quality
4524,3,UI/UX
4525,8,Content Quality
4526,9,Pricing
4527,4,UI/UX
4528,7,App Experience
4529,3,Pricing
4530,9,Pricing
4531,4,Performance
4532,6,Content Quality
4533,9,Pricing
4534,8,Performance
4535,10,App Experience
4536,7,Performance
4537,7,UI/UX
4538,8,Content Quality
4539,8,App Experience
4540,8,UI/UX
4541,7,Performance
4542,8,Pricing
4543,5,App Experience
4544,6,App Experience
4545,5,Content Quality
4546,5,Content Quality
4547,8,UI/UX
4548,3,Pricing
4549,6,App Experience
4550,8,Pricing
4551,4,Content Quality
4552,4,Content Quality
4553,7,Content Quality
4554,6,Content Quality
4555,7,App Experience
4556,5,UI/UX
4557,4,App Experience
4558,8,App Experience
4559,9,Performance
4560,7,Performance
4561,5,Pricing
4562,8,Content Quality
4563,8,Pricing
4564,6,Performance
4565,6,Content Quality
4566,8,Content Quality
4567,5,Content Quality
4568,6,Performance
4569,8,App Experience
4570,9,UI/UX
4571,9,Pricing
4572,5,Content Quality
4573,7,Performance
4574,7,App Experience
4575,9,Performance
4576,10,Content Quality
4577,5,Performance
4578,6,Pricing
4579,7,Content Quality
4580,9,Pricing
4581,9,Content Quality
4582,8,Performance
4583,7,Pricing
4584,3,Performance
4585,6,Pricing
4586,5,Pricing
4587,5,UI/UX
4588,7,Performance
4589,9,Content Quality
4590,9,Content Quality
4591,7,Content Quality
4592,5,Content Quality
4593,5,App Experience
4594,3,UI/UX
4595,10,Pricing
4596,10,Performance
4597,6,Pricing
4598,8,Content Quality
4599,7,UI/UX
4600,3,UI/UX
4601,3,Pricing
4602,4,Pricing
4603,5,App Experience
4604,8,Content Quality
4605,8,Content Quality
4606,4,Performance
4607,8,Content Quality
4608,8,Pricing
4609,10,UI/UX
4610,4,Performance
4611,5,App Experience
4612,8,App Experience
4613,8,UI/UX
4614,7,Performance
4615,8,Performance
4616,6,Content Quality
4617,5,Pricing
4618,7,App Experience
4619,8,Content Quality
4620,8,App Experience
4621,5,Pricing
4622,4,App Experience
4623,4,UI/UX
4624,7,Content Quality
4625,6,App Experience
4626,6,Performance
4627,6,Content Quality
4628,4,Content Quality
4629,6,UI/UX
4630,9,Content Quality
4631,8,Content Quality
4632,6,App Experience
4633,6,App Experience
4634,4,Content Quality
4635,10,Content Quality
4636,8,App Experience
4637,9,Pricing
4638,7,Content Quality
4639,7,Content Quality
4640,8,UI/UX
4641,10,App Experience
4642,5,UI/UX
4643,9,Performance
4644,7,Content Quality
4645,6,Pricing
4646,7,Performance
4647,6,Performance
4648,5,UI/UX
4649,4,Pricing
4650,5,App Experience
4651,9,Performance
4652,6,Performance
4653,9,UI/UX
4654,6,Performance
4655,8,Performance
4656,5,Content Quality
4657,3,App Experience
4658,7,App Experience
4659,8,UI/UX
4660,4,App Experience
4661,10,Performance
4662,8,Pricing
4663,4,App Experience
4664,5,Performance
4665,5,App Experience
4666,7,Content Quality
4667,4,App Experience
4668,9,Pricing
4669,7,Pricing
4670,5,App Experience
4671,7,Performance
4672,8,App Experience
4673,5,Content Quality
4674,7,Performance
4675,10,UI/UX
4676,8,App Experience
4677,6,UI/UX
4678,7,Performance
4679,7,Content Quality
4680,6,Performance
4681,4,App Experience
4682,8,App Experience
4683,6,Content Quality
4684,7,UI/UX
4685,5,Pricing
4686,9,Performance
4687,6,Performance
4688,9,Content Quality
4689,10,Content Quality
4690,5,App Experience
4691,6,UI/UX
4692,9,UI/UX
4693,7,Content Quality
4694,10,Performance
4695,7,Content Quality
4696,1,App Experience
4697,7,UI/UX
4698,8,Content Quality
4699,5,Content Quality
4700,9,UI/UX
4701,8,Performance
4702,6,App Experience
4703,6,App Experience
4704,4,Performance
4705,8,Content Quality
4706,10,UI/UX
4707,7,Pricing
4708,7,Performance
4709,5,Performance
4710,5,UI/UX
4711,5,Performance
4712,6,App Experience
4713,6,Content Quality
4714,6,App Experience
4715,6,App Experience
4716,10,App Experience
4717,7,Content Quality
4718,7,App Experience
4719,6,App Experience
4720,7,Pricing
4721,6,UI/UX
4722,10,App Experience
4723,5,Pricing
4724,5,Performance
4725,4,Performance
4726,5,Content Quality
4727,5,UI/UX
4728,6,UI/UX
4729,5,Content Quality
4730,8,App Experience
4731,4,Content Quality
4732,7,Content Quality
4733,4,App Experience
4734,5,Content Quality
4735,6,Pricing
4736,9,Performance
4737,8,UI/UX
4738,6,Performance
4739,6,Pricing
4740,7,Performance
4741,6,UI/UX
4742,6,App Experience
4743,9,UI/UX
4744,5,Performance
4745,10,Content Quality
4746,10,App Experience
4747,7,Pricing
4748,8,App Experience
4749,10,Content Quality
4750,6,Performance
4751,8,UI/UX
4752,8,UI/UX
4753,6,Content Quality
4754,9,App Experience
4755,8,Pricing
4756,2,Content Quality
4757,8,Performance
4758,6,Performance
4759,8,UI/UX
4760,5,Content Quality
4761,10,Performance
4762,6,Content Quality
4763,7,Content Quality
4764,4,Performance
4765,7,UI/UX
4766,7,Content Quality
4767,1,App Experience
4768,5,Pricing
4769,8,Performance
4770,4,App Experience
4771,3,UI/UX
4772,3,Performance
4773,9,Pricing
4774,9,Pricing
4775,6,UI/UX
4776,5,Performance
4777,7,Performance
4778,7,Performance
4779,7,Content Quality
4780,8,Content Quality
4781,7,App Experience
4782,5,App Experience
4783,5,Content Quality
4784,4,Performance
4785,3,Content Quality
4786,6,App Experience
4787,10,Content Quality
4788,7,Content Quality
4789,5,Performance
4790,4,Performance
4791,7,Content Quality
4792,5,Content Quality
4793,8,Performance
4794,7,App Experience
4795,6,Content Quality
4796,7,UI/UX
4797,5,Content Quality
4798,9,Content Quality
4799,5,Performance
4800,8,Performance
4801,6,UI/UX
4802,10,App Experience
4803,6,Pricing
4804,9,UI/UX
4805,3,App Experience
4806,7,App Experience
4807,8,App Experience
4808,6,Performance
4809,7,Performance
4810,10,Content Quality
4811,3,UI/UX
4812,5,Performance
4813,7,Performance
4814,8,Performance
4815,7,Content Quality
4816,5,Performance
4817,6,Performance
4818,5,Performance
4819,8,Pricing
4820,8,Content Quality
4821,4,UI/UX
4822,6,Pricing
4823,7,Pricing
4824,7,UI/UX
4825,7,Pricing
4826,6,App Experience
4827,3,UI/UX
4828,7,Content Quality
4829,8,App Experience
4830,7,Pricing
4831,8,Content Quality
4832,4,UI/UX
4833,7,Pricing
4834,4,Content Quality
4835,6,App Experience
4836,8,Pricing
4837,7,Performance
4838,7,Pricing
4839,5,App Experience
4840,6,UI/UX
4841,8,Performance
4842,4,UI/UX
4843,5,Pricing
4844,6,Pricing
4845,9,Performance
4846,1,Performance
4847,8,App Experience
4848,6,Content Quality
4849,8,UI/UX
4850,6,UI/UX
4851,4,Content Quality
4852,6,Pricing
4853,7,Content Quality
4854,10,App Experience
4855,5,UI/UX
4856,5,UI/UX
4857,6,App Experience
4858,8,App Experience
4859,5,Performance
4860,5,Performance
4861,8,UI/UX
4862,6,UI/UX
4863,2,UI/UX
4864,4,Content Quality
4865,5,Content Quality
4866,5,Pricing
4867,6,Pricing
4868,6,App Experience
4869,10,Performance
4870,9,Pricing
4871,7,Content Quality
4872,8,UI/UX
4873,9,Pricing
4874,9,Performance
4875,8,Content Quality
4876,9,Content Quality
4877,5,UI/UX
4878,5,UI/UX
4879,8,Content Quality
4880,5,Pricing
4881,8,App Experience
4882,1,Performance
4883,10,Content Quality
4884,7,Content Quality
4885,8,Performance
4886,3,Pricing
4887,6,Content Quality
4888,9,Performance
4889,6,Pricing
4890,8,Performance
4891,9,Content Quality
4892,9,Pricing
4893,3,App Experience
4894,3,App Experience
4895,9,UI/UX
4896,7,App Experience
4897,7,UI/UX
4898,9,Content Quality
4899,5,App Experience
4900,6,Content Quality
4901,7,Performance
4902,9,Performance
4903,5,Performance
4904,4,Content Quality
4905,7,Performance
4906,7,Performance
4907,7,Pricing
4908,5,UI/UX
4909,6,Performance
4910,7,App Experience
4911,6,UI/UX
4912,8,Performance
4913,5,Pricing
4914,6,Performance
4915,6,Content Quality
4916,4,Pricing
4917,6,App Experience
4918,3,Pricing
4919,7,Performance
4920,7,UI/UX
4921,7,Performance
4922,5,Pricing
4923,5,Pricing
4924,7,Content Quality
4925,8,UI/UX
4926,9,Pricing
4927,6,Pricing
4928,3,App Experience
4929,7,App Experience
4930,7,App Experience
4931,9,Content Quality
4932,4,UI/UX
4933,8,Content Quality
4934,7,Performance
4935,6,UI/UX
4936,9,App Experience
4937,8,Content Quality
4938,3,UI/UX
4939,7,Performance
4940,6,UI/UX
4941,10,Performance
4942,6,Pricing
4943,8,UI/UX
4944,6,Performance
4945,7,Content Quality
4946,7,UI/UX
4947,6,Pricing
4948,6,App Experience
4949,8,Content Quality
4950,3,Content Quality
4951,6,Content Quality
4952,9,Content Quality
4953,8,Performance
4954,6,Performance
4955,10,App Experience
4956,6,UI/UX
4957,7,App Experience
4958,10,UI/UX
4959,6,App Experience
4960,7,Pricing
4961,7,UI/UX
4962,4,Pricing
4963,10,Content Quality
4964,7,Content Quality
4965,7,App Experience
4966,8,Performance
4967,6,Content Quality
4968,7,Pricing
4969,4,App Experience
4970,10,Performance
4971,8,Content Quality
4972,7,UI/UX
4973,8,UI/UX
4974,7,Performance
4975,5,Content Quality
4976,6,Performance
4977,8,App Experience
4978,8,UI/UX
4979,7,Pricing
4980,7,Performance
4981,5,App Experience
4982,8,UI/UX
4983,5,Content Quality
4984,5,App Experience
4985,9,App Experience
4986,5,Performance
4987,7,UI/UX
4988,4,Content Quality
4989,9,App Experience
4990,3,UI/UX
4991,8,Pricing
4992,8,Content Quality
4993,8,App Experience
4994,8,Performance
4995,8,Content Quality
4996,5,Pricing
4997,9,Performance
4998,8,UI/UX
4999,5,UI/UX
5000,6,Content Quality
